detection_id,pixel_x,pixel_y,lat_deg,lon_deg,symbol_class,tri_overlap,dot_overlap,confidence,blob_area_px2,solidity,elevation_ocr
1,2088,9,39.994168,-78.413357,obstacle,0.5738,0.0,LOW,97,0.5301,
2,4668,16,39.989632,-75.785683,obstacle,0.8448,0.0,MEDIUM,103,0.5393,
3,4172,17,39.988984,-76.290848,obstacle,0.8235,0.0,MEDIUM,106,0.5354,
4,5146,19,39.987688,-75.298851,obstacle,0.8105,0.0,MEDIUM,170,0.509,
5,1911,20,39.98704,-78.593627,obstacle,0.918,0.0,HIGH,100,0.5348,
6,3344,20,39.98704,-77.134148,obstacle,0.7246,0.0,LOW,105,0.5385,
7,3873,24,39.984448,-76.595373,obstacle,0.7647,0.0,MEDIUM,106,0.5464,
8,1783,37,39.976025,-78.723992,obstacle,0.9016,0.0,HIGH,106,0.5521,
9,3373,43,39.972137,-77.104612,obstacle,0.9672,0.0,HIGH,102,0.5204,
10,5935,48,39.968897,-74.495271,obstacle,0.7377,0.0,LOW,102,0.5455,
11,5814,51,39.966953,-74.618507,obstacle,0.8088,0.0,MEDIUM,111,0.5635,
12,1985,52,39.966305,-78.51826,obstacle,0.75,0.0,MEDIUM,101,0.5206,
13,3460,54,39.965009,-77.016005,obstacle,0.8382,0.0,MEDIUM,119,0.598,
14,4205,54,39.965009,-76.257238,obstacle,0.7869,0.0,MEDIUM,102,0.5484,
15,2842,59,39.961769,-77.645424,obstacle,0.8116,0.0,MEDIUM,112,0.56,
16,1517,61,39.960473,-78.994908,obstacle,0.8525,0.0,MEDIUM,105,0.5469,
17,2698,76,39.950753,-77.792085,obstacle,0.7353,0.0,LOW,108,0.5538,
18,5333,78,39.949457,-75.108395,obstacle,0.8235,0.0,MEDIUM,128,0.6154,
19,5739,79,39.948809,-74.694893,obstacle,0.918,0.0,HIGH,115,0.5838,
20,1593,85,39.944921,-78.917503,obstacle,0.9016,0.0,HIGH,97,0.5272,
21,3151,86,39.944273,-77.330714,obstacle,0.4861,0.3333,MARGINAL,142,0.6147,
22,5598,86,39.944273,-74.838498,obstacle,0.8116,0.0,MEDIUM,118,0.5646,
23,2132,93,39.939738,-78.368544,obstacle,0.8525,0.0,MEDIUM,102,0.5368,
24,2484,96,39.937794,-78.010039,obstacle,0.7353,0.0,LOW,108,0.5596,
25,3366,107,39.930666,-77.111742,obstacle,0.918,0.0,HIGH,106,0.5436,
26,4330,108,39.930018,-76.129929,obstacle,0.7705,0.0,MEDIUM,102,0.5514,
27,5171,110,39.928722,-75.273389,obstacle,0.7206,0.0,LOW,105,0.5469,
28,3984,121,39.921594,-76.482322,obstacle,0.9672,0.0,HIGH,104,0.5306,
29,3623,131,39.915114,-76.849993,obstacle,0.8852,0.0,MEDIUM,113,0.5855,
30,7083,133,39.913818,-73.326058,obstacle,0.4839,0.0,MARGINAL,73,0.5069,
31,7062,134,39.91317,-73.347447,obstacle,0.6111,1.0,LOW,96,0.6038,
32,5910,135,39.912522,-74.520733,obstacle,0.5122,1.0,MARGINAL,65,0.5078,
33,6930,137,39.911226,-73.481886,obstacle,0.5484,0.0,MARGINAL,89,0.5933,
34,3814,139,39.90993,-76.655463,obstacle,0.9508,0.0,HIGH,103,0.545,
35,5253,140,39.909282,-75.189873,obstacle,0.75,0.0,MEDIUM,106,0.5464,
36,1817,143,39.907338,-78.689364,obstacle,0.8191,0.0,MEDIUM,184,0.5212,
37,5525,148,39.904098,-74.912847,obstacle,0.6709,0.0,LOW,138,0.552,
38,3444,149,39.903451,-77.0323,obstacle,0.7353,0.0,LOW,104,0.5389,
39,3496,150,39.902803,-76.979339,obstacle,0.918,0.0,HIGH,102,0.5426,
40,5365,152,39.901507,-75.075804,obstacle,0.9344,0.0,HIGH,115,0.575,
41,6929,156,39.898915,-73.482904,obstacle,0.4839,0.0,MARGINAL,77,0.5066,
42,3792,177,39.885307,-76.67787,obstacle,0.8448,0.0,MEDIUM,111,0.5781,
43,2930,182,39.882067,-77.555798,obstacle,0.8197,0.0,MEDIUM,103,0.5479,
44,4132,185,39.880123,-76.331587,obstacle,0.8033,0.0,MEDIUM,104,0.5561,
45,5443,193,39.874939,-74.996363,obstacle,0.9508,0.0,HIGH,110,0.5612,
46,1531,196,39.872995,-78.980649,obstacle,0.8281,0.0,MEDIUM,110,0.5446,
47,5834,198,39.871699,-74.598138,obstacle,0.7681,0.0,MEDIUM,112,0.5517,
48,2791,203,39.868459,-77.697367,obstacle,0.8235,0.0,MEDIUM,106,0.5354,
49,4002,203,39.868459,-76.46399,obstacle,0.8261,0.0,MEDIUM,113,0.5512,
50,2184,206,39.866515,-78.315583,obstacle,0.918,0.0,HIGH,102,0.5312,
51,3113,210,39.863924,-77.369417,obstacle,0.8088,0.0,MEDIUM,108,0.5455,
52,5542,211,39.863276,-74.895533,obstacle,0.8088,0.0,MEDIUM,106,0.5381,
53,2987,217,39.859388,-77.497745,obstacle,0.8529,0.0,MEDIUM,118,0.59,
54,7409,221,39.856796,-72.994035,obstacle,0.4565,1.0,MARGINAL,113,0.5825,
55,3013,223,39.8555,-77.471264,obstacle,0.7794,0.0,MEDIUM,104,0.5333,
56,2120,226,39.853556,-78.380765,obstacle,0.8088,0.0,MEDIUM,103,0.5228,
57,5346,231,39.850316,-75.095155,obstacle,0.9016,0.0,HIGH,109,0.5677,
58,5261,250,39.838004,-75.181726,obstacle,0.7391,0.0,LOW,113,0.5539,
59,1889,258,39.83282,-78.616034,obstacle,0.918,0.0,HIGH,98,0.5213,
60,1988,268,39.826341,-78.515204,obstacle,0.75,0.0,MEDIUM,103,0.5337,
61,1927,271,39.824397,-78.577332,obstacle,0.7869,0.0,MEDIUM,98,0.5131,
62,2021,277,39.820509,-78.481595,obstacle,0.918,0.0,HIGH,105,0.533,
63,3864,279,39.819213,-76.60454,obstacle,0.7794,0.0,MEDIUM,113,0.5825,
64,4640,282,39.817269,-75.8142,obstacle,0.7353,0.0,LOW,106,0.5521,
65,3512,286,39.814677,-76.963044,obstacle,0.9672,0.0,HIGH,109,0.5561,
66,1557,287,39.814029,-78.954168,obstacle,0.8689,0.0,MEDIUM,101,0.5288,
67,2483,288,39.813381,-78.011058,obstacle,0.7541,0.0,MEDIUM,95,0.5367,
68,6812,290,39.812085,-73.602066,obstacle,0.4681,0.0,MARGINAL,92,0.538,
69,1826,291,39.811437,-78.680198,obstacle,0.7059,0.0,LOW,102,0.5312,
70,5962,291,39.811437,-74.467772,obstacle,0.9649,0.0,HIGH,119,0.5561,
71,2353,296,39.808197,-78.14346,obstacle,0.7206,0.0,LOW,102,0.534,
72,2517,299,39.806253,-77.97643,obstacle,0.8438,0.0,MEDIUM,112,0.5517,
73,3917,306,39.801717,-76.55056,obstacle,0.7794,0.0,MEDIUM,105,0.5385,
74,1780,308,39.800421,-78.727048,obstacle,0.8197,0.0,MEDIUM,92,0.5169,
75,3447,310,39.799125,-77.029245,obstacle,0.7059,0.0,LOW,106,0.555,
76,4263,312,39.797829,-76.198167,obstacle,0.7941,0.0,MEDIUM,116,0.5888,
77,2471,313,39.797181,-78.023279,obstacle,0.75,0.0,MEDIUM,115,0.5838,
78,5762,317,39.794589,-74.671468,obstacle,0.7656,0.0,MEDIUM,104,0.5417,
79,2334,319,39.793293,-78.162811,obstacle,0.7681,0.0,MEDIUM,111,0.5468,
80,1654,323,39.790701,-78.855376,obstacle,0.8033,0.0,MEDIUM,103,0.5421,
81,5204,332,39.78487,-75.239779,obstacle,0.6618,0.0,LOW,103,0.5479,
82,4308,336,39.782278,-76.152335,obstacle,0.8361,0.0,MEDIUM,102,0.5543,
83,1936,340,39.779686,-78.568165,obstacle,0.7826,0.0,MEDIUM,124,0.5849,
84,5037,342,39.77839,-75.409865,obstacle,0.5316,0.0,MARGINAL,138,0.5308,
85,4219,344,39.777094,-76.24298,obstacle,0.8261,0.0,MEDIUM,120,0.5769,
86,3285,346,39.775798,-77.194238,obstacle,0.7377,0.0,LOW,91,0.5723,
87,5856,351,39.772558,-74.575731,obstacle,0.4923,0.0,MARGINAL,97,0.574,
88,2870,353,39.771262,-77.616907,obstacle,0.8361,0.0,MEDIUM,103,0.5479,
89,1736,365,39.763486,-78.771861,obstacle,0.7705,0.0,MEDIUM,98,0.5185,
90,2424,365,39.763486,-78.071148,obstacle,0.7536,0.0,MEDIUM,105,0.5357,
91,3865,366,39.762838,-76.603521,obstacle,0.6812,0.0,LOW,105,0.5412,
92,5111,371,39.759598,-75.334497,obstacle,0.8125,0.0,MEDIUM,103,0.5337,
93,5190,377,39.75571,-75.254038,obstacle,0.9016,0.0,HIGH,114,0.5816,
94,3954,384,39.751174,-76.512876,obstacle,0.7941,0.0,MEDIUM,106,0.5408,
95,2517,388,39.748583,-77.97643,obstacle,0.7213,0.0,LOW,99,0.547,
96,3421,388,39.748583,-77.055725,obstacle,0.7536,0.0,MEDIUM,111,0.5441,
97,2079,397,39.742751,-78.422523,obstacle,0.75,0.0,MEDIUM,111,0.5635,
98,3473,406,39.736919,-77.002764,obstacle,0.7971,0.0,MEDIUM,119,0.5749,
99,1970,410,39.734327,-78.533537,obstacle,0.7826,0.0,MEDIUM,112,0.56,
100,5253,417,39.729791,-75.189873,obstacle,0.7536,0.0,MEDIUM,109,0.5533,
101,2235,421,39.727199,-78.26364,obstacle,0.7869,0.0,MEDIUM,103,0.5568,
102,2295,426,39.723959,-78.202532,obstacle,0.7059,0.0,LOW,109,0.5707,
103,2907,427,39.723311,-77.579223,obstacle,0.8689,0.0,MEDIUM,104,0.5561,
104,3754,429,39.722015,-76.716572,obstacle,0.8197,0.0,MEDIUM,110,0.5789,
105,4059,432,39.720071,-76.405936,obstacle,0.7536,0.0,MEDIUM,113,0.5567,
106,3154,434,39.718775,-77.327659,obstacle,0.7794,0.0,MEDIUM,111,0.5692,
107,3453,436,39.717479,-77.023134,obstacle,0.9508,0.0,HIGH,108,0.5455,
108,3093,442,39.713591,-77.389786,obstacle,0.8116,0.0,MEDIUM,116,0.5604,
109,2187,444,39.712295,-78.312527,obstacle,0.7794,0.0,MEDIUM,113,0.5736,
110,3697,447,39.710352,-76.774625,obstacle,0.6471,0.0,LOW,103,0.5538,
111,6357,447,39.710352,-74.065474,obstacle,0.5185,0.0,MARGINAL,161,0.575,
112,2831,450,39.708408,-77.656627,obstacle,0.8689,0.0,MEDIUM,105,0.5556,
113,4593,463,39.699984,-75.862069,obstacle,0.7619,0.0,MEDIUM,158,0.5113,
114,1749,464,39.699336,-78.758621,obstacle,0.8689,0.0,MEDIUM,106,0.5608,
115,4659,464,39.699336,-75.794849,obstacle,0.7969,0.0,MEDIUM,108,0.5654,
116,2991,466,39.69804,-77.493671,obstacle,0.9672,0.0,HIGH,113,0.5736,
117,2019,467,39.697392,-78.483632,obstacle,0.875,0.0,MEDIUM,106,0.5408,
118,3786,472,39.694152,-76.683981,obstacle,0.5556,1.0,LOW,67,0.5776,
119,3820,475,39.692208,-76.649353,obstacle,0.8529,0.0,MEDIUM,108,0.5373,
120,5619,479,39.689616,-74.81711,obstacle,0.75,0.0,MEDIUM,105,0.544,
121,4499,486,39.68508,-75.957806,obstacle,0.8689,0.0,MEDIUM,104,0.5417,
122,2268,488,39.683784,-78.230031,obstacle,0.8033,0.0,MEDIUM,106,0.5521,
123,2649,493,39.680544,-77.84199,obstacle,0.8125,0.0,MEDIUM,102,0.534,
124,2361,496,39.6786,-78.135312,obstacle,0.7794,0.0,MEDIUM,118,0.5813,
125,2802,498,39.677304,-77.686163,obstacle,0.7794,0.0,MEDIUM,106,0.5436,
126,2307,503,39.674064,-78.19031,obstacle,0.918,0.0,HIGH,110,0.5612,
127,5867,507,39.671473,-74.564528,obstacle,0.8824,0.0,MEDIUM,122,0.5922,
128,3510,508,39.670825,-76.965081,obstacle,0.8235,0.0,MEDIUM,114,0.5758,
129,3629,519,39.663697,-76.843882,obstacle,0.4643,0.0,MARGINAL,115,0.5227,
130,3228,520,39.663049,-77.252292,obstacle,0.6765,0.0,LOW,103,0.5479,
131,4879,523,39.661105,-75.570784,obstacle,0.9062,0.0,HIGH,119,0.5833,
132,3595,524,39.660457,-76.87851,obstacle,0.7059,0.0,LOW,103,0.5421,
133,2960,533,39.654625,-77.525244,obstacle,0.9265,0.0,HIGH,131,0.6065,
134,2417,537,39.652033,-78.078277,obstacle,0.7536,0.0,MEDIUM,110,0.5392,
135,3035,539,39.650737,-77.448858,obstacle,0.7534,0.0,MEDIUM,130,0.6047,
136,5071,540,39.650089,-75.375236,obstacle,0.8382,0.0,MEDIUM,111,0.5606,
137,5150,542,39.648793,-75.294777,obstacle,0.8525,0.0,MEDIUM,106,0.5521,
138,3076,550,39.643609,-77.4071,obstacle,0.8696,0.0,MEDIUM,123,0.6,
139,5320,554,39.641017,-75.121635,obstacle,0.9836,0.0,HIGH,113,0.565,
140,5479,556,39.639721,-74.959697,obstacle,0.8235,0.0,MEDIUM,115,0.5808,
141,5192,558,39.638425,-75.252001,obstacle,0.8852,0.0,MEDIUM,108,0.5684,
142,2436,560,39.637129,-78.058926,obstacle,0.8088,0.0,MEDIUM,113,0.5736,
143,2366,561,39.636481,-78.13022,obstacle,0.7353,0.0,LOW,108,0.5482,
144,4832,576,39.626762,-75.618653,obstacle,0.9123,0.0,HIGH,98,0.5385,
145,2179,577,39.626114,-78.320675,obstacle,0.8676,0.0,MEDIUM,126,0.6176,
146,5286,577,39.626114,-75.156264,obstacle,0.7705,0.0,MEDIUM,105,0.5645,
147,4097,588,39.618986,-76.367234,obstacle,0.7353,0.0,LOW,112,0.5685,
148,1773,589,39.618338,-78.734177,obstacle,0.7647,0.0,MEDIUM,116,0.5888,
149,4124,591,39.617042,-76.339735,obstacle,0.7826,0.0,MEDIUM,111,0.5495,
150,4801,591,39.617042,-75.650226,obstacle,0.7206,0.0,LOW,106,0.555,
151,2287,596,39.613802,-78.210679,obstacle,0.8971,0.0,MEDIUM,119,0.5749,
152,3334,597,39.613154,-77.144333,obstacle,0.5354,0.0,MARGINAL,212,0.6127,
153,5057,598,39.612506,-75.389495,obstacle,0.619,0.0,LOW,153,0.5294,
154,2315,603,39.609266,-78.182162,obstacle,0.8298,0.0,MEDIUM,176,0.5161,
155,4044,615,39.60149,-76.421213,obstacle,0.5122,0.0,MARGINAL,157,0.5114,
156,3811,618,39.599546,-76.658519,obstacle,0.9844,0.0,HIGH,127,0.5853,
157,4341,618,39.599546,-76.118725,obstacle,0.9344,0.0,HIGH,105,0.5385,
158,1745,621,39.597602,-78.762695,obstacle,0.9375,0.0,HIGH,124,0.5849,
159,3829,623,39.596306,-76.640186,obstacle,0.8689,0.0,MEDIUM,107,0.5602,
160,4607,629,39.592419,-75.84781,obstacle,0.8382,0.0,MEDIUM,123,0.6181,
161,4095,634,39.589179,-76.369271,obstacle,0.4561,0.0,MARGINAL,106,0.5436,
162,3740,648,39.580107,-76.730831,obstacle,0.4569,0.0,MARGINAL,169,0.5,
163,3633,650,39.578811,-76.839808,obstacle,0.8525,0.0,MEDIUM,109,0.5767,
164,5289,657,39.574275,-75.153208,obstacle,0.7869,0.0,MEDIUM,103,0.5538,
165,2815,664,39.569739,-77.672923,obstacle,0.6098,1.0,LOW,115,0.5928,
166,2834,664,39.569739,-77.653572,obstacle,0.6047,0.0,LOW,121,0.599,
167,2255,665,39.569091,-78.243271,obstacle,0.8525,0.0,MEDIUM,107,0.5661,
168,2877,665,39.569091,-77.609777,obstacle,0.6341,1.0,LOW,119,0.6103,
169,2895,666,39.568443,-77.591445,obstacle,0.575,1.0,LOW,112,0.5957,
170,3976,667,39.567795,-76.49047,obstacle,0.6712,0.0,LOW,119,0.5721,
171,5718,672,39.564555,-74.716281,obstacle,0.7206,0.0,LOW,103,0.5393,
172,5638,679,39.560019,-74.797759,obstacle,0.7206,0.0,LOW,104,0.5417,
173,4996,684,39.55678,-75.451622,obstacle,0.9508,0.0,HIGH,115,0.5721,
174,1683,686,39.555484,-78.82584,obstacle,0.8438,0.0,MEDIUM,110,0.5473,
175,3644,687,39.554836,-76.828605,obstacle,0.9265,0.0,HIGH,116,0.5659,
176,1620,700,39.546412,-78.890004,obstacle,0.8406,0.0,MEDIUM,128,0.6124,
177,4040,701,39.545764,-76.425287,obstacle,0.7971,0.0,MEDIUM,122,0.581,
178,4671,716,39.536044,-75.782628,obstacle,0.8852,0.0,MEDIUM,104,0.5417,
179,3848,718,39.534748,-76.620835,obstacle,0.9118,0.0,HIGH,107,0.5323,
180,5778,721,39.532804,-74.655172,obstacle,0.8689,0.0,MEDIUM,105,0.5497,
181,5739,722,39.532156,-74.694893,obstacle,0.8824,0.0,MEDIUM,106,0.5436,
182,5671,724,39.53086,-74.76415,obstacle,0.5882,0.5,LOW,71,0.5772,
183,1597,725,39.530212,-78.913429,obstacle,0.9219,0.0,HIGH,111,0.5388,
184,4487,725,39.530212,-75.970028,obstacle,0.8621,0.0,MEDIUM,119,0.6071,
185,3989,735,39.523732,-76.47723,obstacle,0.8676,0.0,MEDIUM,111,0.5522,
186,1525,736,39.523084,-78.98676,obstacle,0.7812,0.0,MEDIUM,107,0.5404,
187,3614,743,39.518549,-76.859159,obstacle,0.875,0.0,MEDIUM,114,0.5729,
188,5797,744,39.517901,-74.635821,obstacle,0.8529,0.0,MEDIUM,108,0.5373,
189,5121,746,39.516605,-75.324313,obstacle,0.7647,0.0,MEDIUM,112,0.5773,
190,4720,750,39.514013,-75.732722,obstacle,0.8416,0.0,MEDIUM,183,0.5027,
191,3102,751,39.513365,-77.38062,obstacle,0.7969,0.0,MEDIUM,109,0.545,
192,2954,761,39.506885,-77.531355,obstacle,0.7059,0.0,LOW,102,0.534,
193,3458,761,39.506885,-77.018042,obstacle,0.8689,0.0,MEDIUM,105,0.5556,
194,2752,763,39.505589,-77.737087,obstacle,0.7794,0.0,MEDIUM,108,0.551,
195,4700,766,39.503645,-75.753092,obstacle,0.7931,0.0,MEDIUM,104,0.5561,
196,2248,767,39.502997,-78.2504,obstacle,0.75,0.0,MEDIUM,107,0.5515,
197,3677,768,39.502349,-76.794995,obstacle,0.942,0.0,HIGH,132,0.6083,
198,4992,771,39.500405,-75.455696,obstacle,0.7794,0.0,MEDIUM,106,0.5436,
199,4147,776,39.497165,-76.31631,obstacle,0.7681,0.0,MEDIUM,126,0.6117,
200,2301,786,39.490685,-78.196421,obstacle,0.7826,0.0,MEDIUM,120,0.597,
201,3178,787,39.490037,-77.303215,obstacle,0.75,0.0,MEDIUM,105,0.544,
202,4641,795,39.484853,-75.813182,obstacle,0.8361,0.0,MEDIUM,104,0.5503,
203,3250,801,39.480965,-77.229885,obstacle,0.4722,0.3333,MARGINAL,68,0.5965,
204,5737,803,39.47967,-74.69693,obstacle,0.7647,0.0,MEDIUM,110,0.567,
205,3432,810,39.475134,-77.044522,obstacle,0.8525,0.0,MEDIUM,106,0.5699,
206,2894,813,39.47319,-77.592463,obstacle,0.8197,0.0,MEDIUM,102,0.5312,
207,4986,813,39.47319,-75.461807,obstacle,0.9688,0.0,HIGH,119,0.564,
208,2130,815,39.471894,-78.370581,obstacle,0.5479,0.0,MARGINAL,181,0.5801,
209,5593,819,39.469302,-74.843591,obstacle,0.6774,1.0,LOW,75,0.5769,
210,2174,830,39.462174,-78.325767,obstacle,0.9559,0.0,HIGH,122,0.5865,
211,3287,832,39.460878,-77.192201,obstacle,0.875,0.0,MEDIUM,108,0.551,
212,3992,834,39.459582,-76.474174,obstacle,0.8197,0.0,MEDIUM,102,0.5426,
213,4826,834,39.459582,-75.624764,obstacle,0.7647,0.0,MEDIUM,113,0.5795,
214,1756,838,39.45699,-78.751491,obstacle,0.7391,0.0,LOW,110,0.5556,
215,3133,849,39.449862,-77.349047,obstacle,0.9344,0.0,HIGH,105,0.5469,
216,5163,853,39.44727,-75.281536,obstacle,0.7794,0.0,MEDIUM,117,0.5735,
217,4114,854,39.446622,-76.34992,obstacle,0.75,0.0,MEDIUM,116,0.5888,
218,3484,856,39.445326,-76.991561,obstacle,0.9344,0.0,HIGH,105,0.5385,
219,2315,864,39.440143,-78.182162,obstacle,0.9559,0.0,HIGH,124,0.599,
220,3940,864,39.440143,-76.527135,obstacle,0.9508,0.0,HIGH,109,0.5561,
221,4436,864,39.440143,-76.02197,obstacle,0.7921,0.0,MEDIUM,200,0.5333,
222,3451,865,39.439495,-77.025171,obstacle,0.8824,0.0,MEDIUM,111,0.5522,
223,4409,865,39.439495,-76.049469,obstacle,0.8485,0.0,MEDIUM,208,0.573,
224,1589,868,39.437551,-78.921577,obstacle,0.8197,0.0,MEDIUM,96,0.5161,
225,5660,870,39.436255,-74.775353,obstacle,0.8676,0.0,MEDIUM,112,0.5572,
226,3417,874,39.433663,-77.059799,obstacle,0.8689,0.0,MEDIUM,105,0.5676,
227,5280,876,39.432367,-75.162375,obstacle,0.8261,0.0,MEDIUM,115,0.5693,
228,2387,877,39.431719,-78.108832,obstacle,0.6119,0.0,LOW,204,0.6071,
229,3329,885,39.426535,-77.149425,obstacle,0.8676,0.0,MEDIUM,118,0.5813,
230,1923,892,39.421999,-78.581405,obstacle,0.6957,0.0,LOW,120,0.5634,
231,4976,900,39.416815,-75.471992,obstacle,0.8529,0.0,MEDIUM,118,0.59,
232,3651,901,39.416167,-76.821475,obstacle,0.7353,0.0,LOW,111,0.5522,
233,4091,906,39.412927,-76.373345,obstacle,0.7647,0.0,MEDIUM,113,0.5678,
234,3016,907,39.412279,-77.468209,obstacle,0.9836,0.0,HIGH,106,0.5492,
235,4349,910,39.410335,-76.110578,obstacle,0.8406,0.0,MEDIUM,125,0.5924,
236,2065,912,39.409039,-78.436782,obstacle,0.7536,0.0,MEDIUM,106,0.5354,
237,3160,914,39.407743,-77.321548,obstacle,0.7941,0.0,MEDIUM,107,0.5431,
238,4282,915,39.407095,-76.178816,obstacle,0.8525,0.0,MEDIUM,99,0.538,
239,2268,917,39.405799,-78.230031,obstacle,0.7647,0.0,MEDIUM,109,0.5648,
240,3681,917,39.405799,-76.790921,obstacle,0.9118,0.0,HIGH,113,0.5539,
241,3033,929,39.398024,-77.450895,obstacle,0.9016,0.0,HIGH,104,0.52,
242,4077,931,39.396728,-76.387604,obstacle,0.7246,0.0,LOW,105,0.5198,
243,5279,936,39.393488,-75.163393,obstacle,0.8033,0.0,MEDIUM,106,0.5668,
244,1524,937,39.39284,-78.987778,obstacle,0.8033,0.0,MEDIUM,104,0.5253,
245,2043,946,39.387008,-78.459188,obstacle,0.7059,0.0,LOW,104,0.5389,
246,5390,946,39.387008,-75.050342,obstacle,0.8676,0.0,MEDIUM,110,0.5446,
247,4776,955,39.381176,-75.675687,obstacle,0.8235,0.0,MEDIUM,117,0.5909,
248,3623,956,39.380528,-76.849993,obstacle,0.8116,0.0,MEDIUM,123,0.5885,
249,4189,968,39.372752,-76.273534,obstacle,0.75,0.0,MEDIUM,106,0.5492,
250,2981,969,39.372104,-77.503856,obstacle,0.8276,0.0,MEDIUM,105,0.5556,
251,3743,970,39.371456,-76.727775,obstacle,0.9508,0.0,HIGH,109,0.559,
252,4635,974,39.368864,-75.819293,obstacle,0.8235,0.0,MEDIUM,110,0.5556,
253,3105,975,39.368216,-77.377564,obstacle,0.6111,0.0,LOW,96,0.6154,
254,3084,976,39.367568,-77.398952,obstacle,0.8116,0.0,MEDIUM,113,0.5459,
255,5339,978,39.366272,-75.102284,obstacle,0.7941,0.0,MEDIUM,117,0.5821,
256,4073,979,39.365624,-76.391678,obstacle,0.4722,1.0,MARGINAL,82,0.5942,
257,3441,989,39.359145,-77.035356,obstacle,0.8191,0.0,MEDIUM,181,0.507,
258,5708,994,39.355905,-74.726466,obstacle,0.9559,0.0,HIGH,119,0.5749,
259,5436,996,39.354609,-75.003492,obstacle,0.7246,0.0,LOW,113,0.5567,
260,2446,1008,39.346833,-78.048741,obstacle,0.9275,0.0,HIGH,125,0.5896,
261,4833,1008,39.346833,-75.617634,obstacle,0.7391,0.0,LOW,100,0.5102,
262,1984,1012,39.344241,-78.519278,obstacle,0.7941,0.0,MEDIUM,111,0.5663,
263,2907,1012,39.344241,-77.579223,obstacle,0.8197,0.0,MEDIUM,103,0.5508,
264,3759,1012,39.344241,-76.71148,obstacle,0.7391,0.0,LOW,105,0.5385,
265,5266,1022,39.337761,-75.176633,obstacle,0.4722,0.0,MARGINAL,81,0.587,
266,3702,1026,39.335169,-76.769533,obstacle,0.75,0.0,MEDIUM,114,0.5846,
267,3477,1035,39.329337,-76.998691,obstacle,0.7206,0.0,LOW,105,0.5469,
268,5175,1037,39.328041,-75.269315,obstacle,0.75,0.0,MEDIUM,110,0.5699,
269,4883,1038,39.327393,-75.56671,obstacle,0.7941,0.0,MEDIUM,108,0.5455,
270,5986,1040,39.326098,-74.443329,obstacle,0.7419,0.0,LOW,90,0.6122,
271,1661,1043,39.324154,-78.848247,obstacle,0.7059,0.0,LOW,114,0.5644,
272,3712,1048,39.320914,-76.759348,obstacle,0.8525,0.0,MEDIUM,104,0.5417,
273,5536,1049,39.320266,-74.901644,obstacle,0.8676,0.0,MEDIUM,121,0.5845,
274,3078,1052,39.318322,-77.405063,obstacle,0.8852,0.0,MEDIUM,105,0.533,
275,4344,1056,39.31573,-76.11567,obstacle,0.7541,0.0,MEDIUM,101,0.5489,
276,5342,1061,39.31249,-75.099229,obstacle,0.875,0.0,MEDIUM,111,0.5495,
277,5390,1065,39.309898,-75.050342,obstacle,0.75,0.0,MEDIUM,110,0.5641,
278,2105,1068,39.307954,-78.396042,obstacle,0.8525,0.0,MEDIUM,105,0.5526,
279,4907,1069,39.307306,-75.542267,obstacle,0.8281,0.0,MEDIUM,106,0.5492,
280,4815,1070,39.306658,-75.635967,obstacle,0.7553,0.0,MEDIUM,180,0.5,
281,2000,1071,39.30601,-78.502983,obstacle,0.6667,0.0,LOW,94,0.5949,
282,3211,1073,39.304714,-77.269606,obstacle,0.8525,0.0,MEDIUM,103,0.545,
283,2018,1080,39.300178,-78.48465,obstacle,0.8361,0.0,MEDIUM,102,0.5285,
284,1651,1100,39.287219,-78.858432,obstacle,0.8689,0.0,MEDIUM,102,0.5312,
285,3546,1101,39.286571,-76.928416,obstacle,0.8906,0.0,MEDIUM,111,0.555,
286,4819,1110,39.280739,-75.631893,obstacle,0.9265,0.0,HIGH,120,0.5825,
287,3442,1115,39.277499,-77.034337,obstacle,0.589,0.0,LOW,108,0.5625,
288,5072,1116,39.276851,-75.374218,obstacle,0.7941,0.0,MEDIUM,105,0.5357,
289,1573,1118,39.275555,-78.937873,obstacle,0.8525,0.0,MEDIUM,106,0.5464,
290,4229,1118,39.275555,-76.232795,obstacle,0.7941,0.0,MEDIUM,111,0.5663,
291,5499,1119,39.274907,-74.939328,obstacle,0.8438,0.0,MEDIUM,110,0.5556,
292,2650,1129,39.268427,-77.840972,obstacle,0.8088,0.0,MEDIUM,110,0.5556,
293,3693,1131,39.267131,-76.778699,obstacle,0.9259,0.0,HIGH,102,0.5455,
294,1938,1141,39.260651,-78.566128,obstacle,0.8281,0.0,MEDIUM,108,0.5482,
295,3612,1148,39.256115,-76.861196,obstacle,0.7826,0.0,MEDIUM,107,0.5323,
296,2727,1154,39.252227,-77.762549,obstacle,0.8235,0.0,MEDIUM,111,0.5578,
297,1512,1157,39.250283,-79.0,obstacle,0.7059,0.0,LOW,101,0.5127,
298,2766,1157,39.250283,-77.722828,obstacle,0.7353,0.0,LOW,113,0.5594,
299,2462,1161,39.247692,-78.032446,obstacle,0.7941,0.0,MEDIUM,113,0.5765,
300,5009,1164,39.245748,-75.438382,obstacle,0.7941,0.0,MEDIUM,115,0.575,
301,3090,1168,39.243156,-77.392842,obstacle,0.6757,0.0,LOW,140,0.5738,
302,3610,1171,39.241212,-76.863233,obstacle,0.4776,0.5,MARGINAL,161,0.561,
303,5470,1174,39.239268,-74.968864,obstacle,0.8235,0.0,MEDIUM,112,0.5572,
304,5061,1177,39.237324,-75.385421,obstacle,0.8551,0.0,MEDIUM,124,0.5822,
305,2963,1181,39.234732,-77.522188,obstacle,1.0,0.0,HIGH,127,0.6106,
306,2077,1187,39.230844,-78.42456,obstacle,0.7353,0.0,LOW,110,0.5641,
307,2857,1189,39.229548,-77.630147,obstacle,0.7671,0.0,MEDIUM,163,0.564,
308,5447,1190,39.2289,-74.992289,obstacle,0.9062,0.0,HIGH,128,0.6184,
309,2700,1195,39.22566,-77.790048,obstacle,0.7971,0.0,MEDIUM,116,0.5829,
310,3880,1202,39.221124,-76.588244,obstacle,0.8906,0.0,MEDIUM,130,0.6075,
311,1808,1211,39.215292,-78.69853,obstacle,0.8906,0.0,MEDIUM,106,0.5464,
312,2451,1213,39.213996,-78.043649,obstacle,0.7794,0.0,MEDIUM,110,0.5641,
313,2799,1222,39.208165,-77.689219,obstacle,0.8116,0.0,MEDIUM,128,0.6066,
314,4824,1227,39.204925,-75.626801,obstacle,0.7869,0.0,MEDIUM,103,0.5538,
315,5258,1245,39.193261,-75.184781,obstacle,0.8689,0.0,MEDIUM,106,0.5521,
316,3060,1246,39.192613,-77.423396,obstacle,0.7941,0.0,MEDIUM,111,0.5635,
317,4170,1249,39.190669,-76.292885,obstacle,0.7647,0.0,MEDIUM,114,0.5729,
318,4402,1250,39.190021,-76.056598,obstacle,0.8525,0.0,MEDIUM,107,0.5632,
319,2635,1260,39.183541,-77.856249,obstacle,0.863,0.0,MEDIUM,134,0.6119,
320,4982,1270,39.177061,-75.465881,obstacle,0.8261,0.0,MEDIUM,117,0.5735,
321,1705,1271,39.176413,-78.803434,obstacle,0.8088,0.0,MEDIUM,107,0.5431,
322,1847,1273,39.175117,-78.65881,obstacle,1.0,0.0,HIGH,116,0.5771,
323,3054,1307,39.153086,-77.429507,obstacle,0.7941,0.0,MEDIUM,111,0.5635,
324,2663,1310,39.151142,-77.827732,obstacle,0.9344,0.0,HIGH,106,0.5464,
325,4430,1315,39.147902,-76.028081,obstacle,0.7794,0.0,MEDIUM,107,0.5487,
326,4338,1333,39.136238,-76.121781,obstacle,0.8361,0.0,MEDIUM,105,0.5497,
327,5307,1333,39.136238,-75.134876,obstacle,0.7941,0.0,MEDIUM,107,0.5459,
328,2880,1336,39.134295,-77.606722,obstacle,0.8197,0.0,MEDIUM,103,0.5421,
329,5004,1337,39.133647,-75.443474,obstacle,0.8529,0.0,MEDIUM,116,0.5714,
330,2947,1348,39.126519,-77.538484,obstacle,0.7746,0.0,MEDIUM,114,0.5135,
331,3009,1370,39.112263,-77.475338,obstacle,0.8235,0.0,MEDIUM,107,0.5404,
332,3955,1370,39.112263,-76.511858,obstacle,0.8529,0.0,MEDIUM,111,0.555,
333,1677,1373,39.110319,-78.831951,obstacle,0.7353,0.0,LOW,108,0.5538,
334,2743,1373,39.110319,-77.746253,obstacle,0.7971,0.0,MEDIUM,112,0.5572,
335,2629,1386,39.101895,-77.86236,obstacle,0.9344,0.0,HIGH,110,0.5584,
336,3830,1392,39.098007,-76.639168,obstacle,0.8529,0.0,MEDIUM,110,0.5612,
337,3223,1398,39.09412,-77.257384,obstacle,0.8525,0.0,MEDIUM,112,0.5545,
338,4059,1398,39.09412,-76.405936,obstacle,0.875,0.0,MEDIUM,115,0.5665,
339,2876,1404,39.090232,-77.610796,obstacle,0.7647,0.0,MEDIUM,107,0.5515,
340,3550,1411,39.085696,-76.924342,obstacle,0.4912,0.75,MARGINAL,124,0.5439,
341,5286,1411,39.085696,-75.156264,obstacle,0.75,0.0,MEDIUM,107,0.5544,
342,4471,1412,39.085048,-75.986323,obstacle,0.7681,0.0,MEDIUM,117,0.5735,
343,2946,1413,39.0844,-77.539502,obstacle,0.9508,0.0,HIGH,99,0.5238,
344,2899,1414,39.083752,-77.587371,obstacle,0.8852,0.0,MEDIUM,104,0.5445,
345,4523,1425,39.076624,-75.933362,obstacle,0.7941,0.0,MEDIUM,112,0.5628,
346,1851,1426,39.075976,-78.654736,obstacle,0.9344,0.0,HIGH,106,0.5408,
347,1954,1427,39.075328,-78.549833,obstacle,0.7536,0.0,MEDIUM,113,0.5736,
348,1755,1434,39.070792,-78.75251,obstacle,0.7681,0.0,MEDIUM,108,0.5455,
349,2573,1435,39.070144,-77.919395,obstacle,0.7206,0.0,LOW,110,0.5759,
350,4083,1438,39.0682,-76.381493,obstacle,0.8261,0.0,MEDIUM,119,0.592,
351,4298,1446,39.063016,-76.16252,obstacle,0.8529,0.0,MEDIUM,107,0.535,
352,1690,1448,39.06172,-78.818711,obstacle,0.4839,0.0,MARGINAL,70,0.6034,
353,2133,1454,39.057832,-78.367525,obstacle,0.8852,0.0,MEDIUM,101,0.5372,
354,4765,1455,39.057185,-75.686891,obstacle,0.6042,1.0,LOW,120,0.5941,
355,4792,1455,39.057185,-75.659392,obstacle,0.5957,1.0,LOW,114,0.5969,
356,4927,1455,39.057185,-75.521897,obstacle,0.5957,0.0,LOW,117,0.5735,
357,2263,1459,39.054593,-78.235123,obstacle,0.9016,0.0,HIGH,102,0.5698,
358,1742,1467,39.049409,-78.76575,obstacle,0.9508,0.0,HIGH,108,0.551,
359,2995,1468,39.048761,-77.489597,obstacle,0.8361,0.0,MEDIUM,110,0.55,
360,2451,1473,39.045521,-78.043649,obstacle,0.5,0.0,MARGINAL,99,0.5756,
361,4060,1475,39.044225,-76.404918,obstacle,0.6912,0.0,LOW,107,0.5632,
362,1988,1482,39.039689,-78.515204,obstacle,0.7206,0.0,LOW,105,0.5469,
363,1767,1484,39.038393,-78.740288,obstacle,0.8594,0.0,MEDIUM,121,0.5931,
364,2457,1489,39.035153,-78.037538,obstacle,0.5238,0.6667,MARGINAL,103,0.5393,
365,5241,1496,39.030617,-75.202095,obstacle,0.8088,0.0,MEDIUM,114,0.5644,
366,2909,1498,39.029321,-77.577186,obstacle,0.8235,0.0,MEDIUM,104,0.5445,
367,2506,1509,39.022193,-77.987633,obstacle,0.5882,1.0,LOW,68,0.5,
368,2540,1510,39.021545,-77.953005,obstacle,0.5588,1.0,LOW,71,0.5379,
369,4035,1521,39.014418,-76.43038,obstacle,0.8088,0.0,MEDIUM,112,0.5685,
370,1568,1538,39.003402,-78.942965,obstacle,0.7941,0.0,MEDIUM,104,0.5279,
371,1769,1541,39.001458,-78.738251,obstacle,0.9344,0.0,HIGH,108,0.5538,
372,2143,1542,39.00081,-78.35734,obstacle,0.4839,0.0,MARGINAL,77,0.5789,
373,4337,1547,38.99757,-76.122799,obstacle,0.8529,0.0,MEDIUM,112,0.56,
374,2635,1549,38.996274,-77.856249,obstacle,0.7586,0.0,MEDIUM,103,0.5568,
375,4022,1555,38.992386,-76.44362,obstacle,0.7353,0.0,LOW,109,0.5677,
376,2812,1577,38.978131,-77.675978,obstacle,0.7971,0.0,MEDIUM,122,0.598,
377,2861,1589,38.970355,-77.626073,obstacle,0.8406,0.0,MEDIUM,114,0.5507,
378,2371,1591,38.969059,-78.125127,obstacle,0.9118,0.0,HIGH,108,0.5455,
379,1522,1594,38.967115,-78.989815,obstacle,0.7826,0.0,MEDIUM,117,0.5735,
380,3309,1600,38.963227,-77.169795,obstacle,0.7213,0.0,LOW,102,0.5829,
381,5173,1601,38.962579,-75.271352,obstacle,0.7586,0.0,MEDIUM,101,0.543,
382,3955,1604,38.960635,-76.511858,obstacle,0.7647,0.0,MEDIUM,114,0.5644,
383,3292,1619,38.950915,-77.187109,obstacle,0.5443,0.0,MARGINAL,144,0.5538,
384,3245,1621,38.949619,-77.234977,obstacle,0.918,0.0,HIGH,108,0.5596,
385,3891,1626,38.946379,-76.577041,obstacle,1.0,0.0,HIGH,113,0.565,
386,3075,1631,38.943139,-77.408119,obstacle,0.8235,0.0,MEDIUM,124,0.6108,
387,5158,1655,38.927588,-75.286629,obstacle,0.9016,0.0,HIGH,115,0.599,
388,2921,1656,38.92694,-77.564964,obstacle,0.8986,0.0,MEDIUM,132,0.6055,
389,3157,1661,38.9237,-77.324604,obstacle,0.619,0.75,LOW,76,0.5135,
390,4459,1690,38.904908,-75.998545,obstacle,0.6438,0.0,LOW,123,0.5885,
391,3118,1718,38.886765,-77.364324,obstacle,0.875,0.0,MEDIUM,118,0.5756,
392,5106,1721,38.884821,-75.33959,obstacle,0.8088,0.0,MEDIUM,108,0.5482,
393,1543,1727,38.880933,-78.968427,obstacle,0.4853,0.8,MARGINAL,140,0.6114,
394,4597,1728,38.880285,-75.857995,obstacle,0.9344,0.0,HIGH,114,0.5729,
395,3819,1741,38.871861,-76.650371,obstacle,0.7353,0.0,LOW,116,0.5714,
396,3937,1752,38.864734,-76.530191,obstacle,0.7647,0.0,MEDIUM,111,0.5663,
397,1828,1757,38.861494,-78.678161,obstacle,0.8281,0.0,MEDIUM,110,0.5446,
398,2345,1757,38.861494,-78.151608,obstacle,0.9672,0.0,HIGH,106,0.5492,
399,4045,1762,38.858254,-76.420195,obstacle,0.7647,0.0,MEDIUM,115,0.5867,
400,3335,1788,38.841406,-77.143314,obstacle,0.8382,0.0,MEDIUM,105,0.544,
401,2839,1791,38.839462,-77.64848,obstacle,0.8525,0.0,MEDIUM,109,0.559,
402,4216,1791,38.839462,-76.246035,obstacle,0.9672,0.0,HIGH,114,0.5729,
403,2940,1801,38.832982,-77.545613,obstacle,0.7353,0.0,LOW,111,0.5663,
404,2770,1802,38.832334,-77.718755,obstacle,0.8438,0.0,MEDIUM,112,0.5572,
405,3184,1802,38.832334,-77.297105,obstacle,0.6712,0.0,LOW,126,0.5943,
406,2127,1810,38.82715,-78.373636,obstacle,0.8852,0.0,MEDIUM,104,0.5417,
407,1522,1823,38.818727,-78.989815,obstacle,0.7541,0.0,MEDIUM,99,0.538,
408,3296,1825,38.817431,-77.183035,obstacle,0.7941,0.0,MEDIUM,107,0.5459,
409,3937,1833,38.812247,-76.530191,obstacle,0.8088,0.0,MEDIUM,115,0.5838,
410,3067,1837,38.809655,-77.416267,obstacle,0.9508,0.0,HIGH,112,0.5657,
411,4610,1861,38.794103,-75.844755,obstacle,0.9344,0.0,HIGH,119,0.595,
412,3046,1876,38.784384,-77.437655,obstacle,0.8689,0.0,MEDIUM,109,0.5707,
413,3199,1893,38.773368,-77.281827,obstacle,0.9412,0.0,HIGH,131,0.6179,
414,3703,1896,38.771424,-76.768514,obstacle,0.8088,0.0,MEDIUM,117,0.5879,
415,1594,1897,38.770776,-78.916485,obstacle,0.8696,0.0,MEDIUM,117,0.5625,
416,4357,1912,38.761056,-76.10243,obstacle,0.8088,0.0,MEDIUM,109,0.5533,
417,7584,1929,38.75004,-72.815801,obstacle,0.4565,0.25,MARGINAL,87,0.5878,
418,3387,1943,38.740969,-77.090354,obstacle,0.7647,0.0,MEDIUM,110,0.5641,
419,6108,1949,38.737081,-74.319075,obstacle,0.4545,0.0,MARGINAL,108,0.5268,
420,4676,1964,38.727361,-75.777535,obstacle,0.7353,0.0,LOW,106,0.5521,
421,2213,1970,38.723473,-78.286047,obstacle,0.7353,0.0,LOW,108,0.5596,
422,4261,1974,38.720881,-76.200204,obstacle,0.9706,0.0,HIGH,110,0.5473,
423,2273,1976,38.719585,-78.224938,obstacle,0.8676,0.0,MEDIUM,109,0.5423,
424,3358,1981,38.716345,-77.119889,obstacle,0.8361,0.0,MEDIUM,103,0.5421,
425,4427,1985,38.713753,-76.031136,obstacle,0.7941,0.0,MEDIUM,108,0.551,
426,2115,1989,38.711162,-78.385858,obstacle,0.8382,0.0,MEDIUM,104,0.5417,
427,4114,1989,38.711162,-76.34992,obstacle,0.8525,0.0,MEDIUM,102,0.5368,
428,2873,1992,38.709218,-77.613851,obstacle,0.8281,0.0,MEDIUM,126,0.6087,
429,2975,1994,38.707922,-77.509967,obstacle,0.8696,0.0,MEDIUM,126,0.5915,
430,3397,1997,38.705978,-77.080169,obstacle,0.7353,0.0,LOW,106,0.5521,
431,2672,2006,38.700146,-77.818565,obstacle,0.9508,0.0,HIGH,110,0.5556,
432,4246,2009,38.698202,-76.215481,obstacle,0.8261,0.0,MEDIUM,128,0.6095,
433,2905,2012,38.696258,-77.58126,obstacle,0.4706,0.0,MARGINAL,75,0.5769,
434,2935,2013,38.69561,-77.550706,obstacle,0.6129,0.0,LOW,87,0.58,
435,2990,2013,38.69561,-77.494689,obstacle,0.5806,0.5,LOW,91,0.6107,
436,4465,2023,38.68913,-75.992434,obstacle,0.8088,0.0,MEDIUM,112,0.5685,
437,4046,2031,38.683946,-76.419176,obstacle,0.7353,0.0,LOW,104,0.5389,
438,2955,2032,38.683298,-77.530336,obstacle,0.5,1.0,MARGINAL,82,0.5816,
439,4901,2032,38.683298,-75.548378,obstacle,0.7941,0.0,MEDIUM,106,0.5579,
440,4200,2036,38.680706,-76.262331,obstacle,0.8088,0.0,MEDIUM,112,0.5685,
441,6087,2040,38.678114,-74.340463,obstacle,0.5556,0.0,LOW,81,0.5786,
442,4462,2046,38.674226,-75.99549,obstacle,0.8088,0.0,MEDIUM,109,0.5505,
443,4822,2056,38.667747,-75.628837,obstacle,0.7941,0.0,MEDIUM,119,0.595,
444,2606,2061,38.664507,-77.885785,obstacle,0.8116,0.0,MEDIUM,111,0.5522,
445,2161,2063,38.663211,-78.339008,obstacle,0.9118,0.0,HIGH,108,0.5427,
446,3139,2074,38.656083,-77.342936,obstacle,0.8404,0.0,MEDIUM,175,0.5162,
447,3534,2096,38.641827,-76.940637,obstacle,0.5484,0.0,MARGINAL,87,0.5686,
448,4246,2096,38.641827,-76.215481,obstacle,0.9508,0.0,HIGH,125,0.6127,
449,1526,2099,38.639883,-78.985741,obstacle,0.7377,0.0,LOW,98,0.5355,
450,4428,2105,38.635995,-76.030118,obstacle,0.8361,0.0,MEDIUM,108,0.5745,
451,3372,2110,38.632756,-77.105631,obstacle,0.9344,0.0,HIGH,104,0.5445,
452,3204,2119,38.626924,-77.276735,obstacle,0.8525,0.0,MEDIUM,105,0.5497,
453,3912,2127,38.62174,-76.555653,obstacle,0.5882,0.0,LOW,80,0.5839,
454,2276,2130,38.619796,-78.221883,obstacle,0.9344,0.0,HIGH,109,0.5619,
455,3226,2135,38.616556,-77.254329,obstacle,0.8088,0.0,MEDIUM,107,0.5404,
456,4806,2137,38.61526,-75.645133,obstacle,0.7941,0.0,MEDIUM,110,0.5473,
457,4821,2149,38.607484,-75.629856,obstacle,0.7353,0.0,LOW,106,0.5492,
458,4790,2158,38.601652,-75.661429,obstacle,0.8676,0.0,MEDIUM,117,0.5735,
459,4113,2159,38.601004,-76.350938,obstacle,0.7059,0.0,LOW,106,0.5579,
460,3366,2161,38.599708,-77.111742,obstacle,0.7794,0.0,MEDIUM,110,0.5641,
461,1998,2170,38.593877,-78.50502,obstacle,0.7059,0.0,LOW,105,0.5497,
462,3941,2170,38.593877,-76.526117,obstacle,0.875,0.0,MEDIUM,112,0.5545,
463,4424,2176,38.589989,-76.034192,obstacle,0.7705,0.0,MEDIUM,103,0.5659,
464,3339,2178,38.588693,-77.139241,obstacle,0.8852,0.0,MEDIUM,113,0.5825,
465,4069,2186,38.583509,-76.395751,obstacle,0.8689,0.0,MEDIUM,110,0.5699,
466,3430,2198,38.575733,-77.046559,obstacle,0.8824,0.0,MEDIUM,110,0.5446,
467,4150,2206,38.570549,-76.313255,obstacle,0.8382,0.0,MEDIUM,114,0.57,
468,2858,2208,38.569253,-77.629128,obstacle,0.8235,0.0,MEDIUM,107,0.5404,
469,2643,2220,38.561477,-77.848101,obstacle,0.8824,0.0,MEDIUM,111,0.5441,
470,3091,2224,38.558885,-77.391823,obstacle,0.7941,0.0,MEDIUM,108,0.551,
471,4680,2226,38.55759,-75.773461,obstacle,0.918,0.0,HIGH,102,0.5285,
472,4909,2228,38.556294,-75.54023,obstacle,0.7059,0.0,LOW,106,0.555,
473,3380,2233,38.553054,-77.097483,obstacle,0.7101,0.0,LOW,111,0.5522,
474,2780,2238,38.549814,-77.70857,obstacle,0.6098,0.0,LOW,142,0.5635,
475,4770,2239,38.549166,-75.681798,obstacle,0.9672,0.0,HIGH,106,0.555,
476,2991,2241,38.54787,-77.493671,obstacle,0.7241,0.0,LOW,101,0.5519,
477,1998,2249,38.542686,-78.50502,obstacle,0.7794,0.0,MEDIUM,106,0.5327,
478,2616,2249,38.542686,-77.8756,obstacle,0.75,0.0,MEDIUM,103,0.5337,
479,3021,2249,38.542686,-77.463117,obstacle,0.8689,0.0,MEDIUM,101,0.543,
480,2652,2257,38.537502,-77.838935,obstacle,0.7353,0.0,LOW,111,0.5692,
481,3897,2260,38.535558,-76.57093,obstacle,0.8088,0.0,MEDIUM,110,0.5556,
482,4051,2264,38.532966,-76.414084,obstacle,0.9672,0.0,HIGH,107,0.5431,
483,2632,2267,38.531022,-77.859305,obstacle,0.7206,0.0,LOW,107,0.5544,
484,2815,2267,38.531022,-77.672923,obstacle,0.8235,0.0,MEDIUM,109,0.5477,
485,3185,2269,38.529726,-77.296086,obstacle,0.7826,0.0,MEDIUM,119,0.5833,
486,1892,2273,38.527134,-78.612978,obstacle,0.9344,0.0,HIGH,106,0.5492,
487,2132,2276,38.52519,-78.368544,obstacle,0.8525,0.0,MEDIUM,106,0.5354,
488,2583,2291,38.515471,-77.90921,obstacle,0.8689,0.0,MEDIUM,103,0.5568,
489,1729,2294,38.513527,-78.77899,obstacle,0.8197,0.0,MEDIUM,109,0.5737,
490,4722,2294,38.513527,-75.730685,obstacle,0.9275,0.0,HIGH,128,0.6066,
491,2364,2295,38.512879,-78.132257,obstacle,0.8689,1.0,MEDIUM,114,0.5758,
492,2923,2297,38.511583,-77.562927,obstacle,0.7377,0.0,LOW,102,0.5543,
493,4785,2297,38.511583,-75.666521,obstacle,0.6471,0.0,LOW,105,0.5585,
494,2015,2298,38.510935,-78.487706,obstacle,0.7246,0.0,LOW,111,0.5388,
495,3291,2298,38.510935,-77.188127,obstacle,0.7826,0.0,MEDIUM,112,0.5572,
496,3364,2299,38.510287,-77.113779,obstacle,0.8551,0.0,MEDIUM,116,0.5604,
497,4465,2308,38.504455,-75.992434,obstacle,0.7536,0.0,MEDIUM,110,0.5584,
498,1892,2312,38.501863,-78.612978,obstacle,0.9118,0.0,HIGH,110,0.5556,
499,2364,2312,38.501863,-78.132257,obstacle,0.7971,0.0,MEDIUM,109,0.5317,
500,2769,2315,38.499919,-77.719773,obstacle,0.8529,0.0,MEDIUM,107,0.5487,
501,1972,2316,38.499271,-78.5315,obstacle,0.9265,0.0,HIGH,113,0.5678,
502,4855,2319,38.497327,-75.595228,obstacle,0.7794,0.0,MEDIUM,109,0.5561,
503,2604,2321,38.496031,-77.887822,obstacle,0.7941,0.0,MEDIUM,107,0.5431,
504,3453,2323,38.494735,-77.023134,obstacle,0.8448,0.0,MEDIUM,108,0.5654,
505,3117,2336,38.486311,-77.365343,obstacle,0.8529,0.0,MEDIUM,124,0.5536,
506,3801,2337,38.485663,-76.668704,obstacle,0.8793,0.0,MEDIUM,108,0.5625,
507,4823,2338,38.485015,-75.627819,obstacle,0.8088,0.0,MEDIUM,110,0.5556,
508,2554,2345,38.48048,-77.938746,obstacle,0.8116,0.0,MEDIUM,122,0.5755,
509,3020,2346,38.479832,-77.464135,obstacle,0.7353,0.0,LOW,110,0.5699,
510,4189,2346,38.479832,-76.273534,obstacle,0.6154,0.0,LOW,153,0.5331,
511,2422,2359,38.471408,-78.073185,obstacle,0.918,0.0,HIGH,115,0.5808,
512,2746,2361,38.470112,-77.743198,obstacle,0.875,0.0,MEDIUM,108,0.551,
513,4430,2361,38.470112,-76.028081,obstacle,0.7759,0.0,MEDIUM,105,0.5585,
514,4258,2363,38.468816,-76.203259,obstacle,0.7246,0.0,LOW,113,0.5539,
515,4877,2372,38.462984,-75.572821,obstacle,0.8088,0.0,MEDIUM,116,0.5888,
516,3954,2375,38.46104,-76.512876,obstacle,0.8033,0.0,MEDIUM,105,0.5615,
517,3253,2377,38.459744,-77.22683,obstacle,0.9836,0.0,HIGH,112,0.5628,
518,4275,2383,38.455856,-76.185945,obstacle,0.8971,0.0,MEDIUM,115,0.5637,
519,4542,2393,38.449376,-75.914011,obstacle,0.8529,0.0,MEDIUM,110,0.567,
520,2343,2397,38.446784,-78.153645,obstacle,0.7647,0.0,MEDIUM,105,0.5412,
521,2985,2399,38.445488,-77.499782,obstacle,0.8906,0.0,MEDIUM,110,0.5556,
522,3199,2418,38.433177,-77.281827,obstacle,0.9118,0.0,HIGH,120,0.5882,
523,3159,2421,38.431233,-77.322567,obstacle,0.9138,0.0,HIGH,113,0.5825,
524,2427,2422,38.430585,-78.068093,obstacle,0.7869,0.0,MEDIUM,104,0.5714,
525,2112,2424,38.429289,-78.388913,obstacle,0.7941,0.0,MEDIUM,109,0.5561,
526,4885,2425,38.428641,-75.564673,obstacle,0.7869,0.0,MEDIUM,101,0.5401,
527,3017,2428,38.426697,-77.46719,obstacle,0.7353,0.0,LOW,114,0.5758,
528,3495,2429,38.426049,-76.980358,obstacle,0.5,0.0,MARGINAL,77,0.5923,
529,4018,2430,38.425401,-76.447694,obstacle,0.5862,0.0,LOW,178,0.5545,
530,4062,2430,38.425401,-76.402881,obstacle,0.5205,1.0,MARGINAL,183,0.5184,
531,4105,2430,38.425401,-76.359086,obstacle,0.5584,0.0,LOW,204,0.5455,
532,2625,2451,38.411793,-77.866434,obstacle,0.8261,0.0,MEDIUM,126,0.586,
533,3347,2451,38.411793,-77.131093,obstacle,0.7647,0.0,MEDIUM,108,0.5567,
534,4385,2451,38.411793,-76.073912,obstacle,0.7101,0.0,LOW,109,0.5369,
535,4066,2454,38.409849,-76.398807,obstacle,0.6324,0.0,LOW,187,0.542,
536,2536,2463,38.404017,-77.957078,obstacle,0.75,0.0,MEDIUM,118,0.5756,
537,2926,2473,38.397538,-77.559872,obstacle,0.4839,1.0,MARGINAL,79,0.5766,
538,4602,2477,38.394946,-75.852903,obstacle,0.8088,0.0,MEDIUM,110,0.5528,
539,4703,2479,38.39365,-75.750036,obstacle,0.7869,0.0,MEDIUM,104,0.5474,
540,4845,2482,38.391706,-75.605412,obstacle,0.9016,0.0,HIGH,110,0.5914,
541,2431,2485,38.389762,-78.064019,obstacle,0.8033,0.0,MEDIUM,107,0.5544,
542,2478,2485,38.389762,-78.01615,obstacle,0.8793,0.0,MEDIUM,108,0.5625,
543,1898,2486,38.389114,-78.606867,obstacle,0.9016,0.0,HIGH,118,0.5871,
544,3363,2491,38.385874,-77.114797,obstacle,0.7941,0.0,MEDIUM,116,0.5771,
545,4224,2507,38.375506,-76.237887,obstacle,0.8116,0.0,MEDIUM,132,0.614,
546,3552,2508,38.374858,-76.922305,obstacle,0.7794,0.0,MEDIUM,106,0.5436,
547,4584,2511,38.372914,-75.871235,obstacle,0.9344,0.0,HIGH,112,0.5744,
548,3351,2516,38.369674,-77.127019,obstacle,0.918,0.0,HIGH,112,0.5628,
549,3292,2531,38.359955,-77.187109,obstacle,0.8689,0.0,MEDIUM,111,0.5692,
550,4800,2531,38.359955,-75.651244,obstacle,0.8971,0.0,MEDIUM,119,0.5721,
551,2881,2532,38.359307,-77.605703,obstacle,0.8235,0.0,MEDIUM,121,0.599,
552,1951,2534,38.358011,-78.552888,obstacle,0.8406,0.0,MEDIUM,114,0.5644,
553,2942,2536,38.356715,-77.543576,obstacle,0.8971,0.0,MEDIUM,115,0.5583,
554,4874,2540,38.354123,-75.575877,obstacle,0.7794,0.0,MEDIUM,108,0.54,
555,2721,2545,38.350883,-77.76866,obstacle,0.8235,0.0,MEDIUM,104,0.5333,
556,1928,2546,38.350235,-78.576313,obstacle,0.6176,0.0,LOW,113,0.565,
557,4827,2550,38.347643,-75.623745,obstacle,0.8088,0.0,MEDIUM,115,0.5838,
558,2238,2554,38.345051,-78.260585,obstacle,0.7353,0.0,LOW,117,0.5909,
559,2153,2558,38.342459,-78.347156,obstacle,0.8689,0.0,MEDIUM,104,0.5591,
560,2849,2561,38.340515,-77.638295,obstacle,0.8088,0.0,MEDIUM,103,0.5421,
561,4646,2566,38.337275,-75.80809,obstacle,0.75,0.0,MEDIUM,111,0.5722,
562,3348,2580,38.328203,-77.130074,obstacle,0.8525,0.0,MEDIUM,104,0.5591,
563,4515,2580,38.328203,-75.94151,obstacle,0.7059,0.0,LOW,109,0.5707,
564,2759,2584,38.325612,-77.729958,obstacle,0.918,0.0,HIGH,101,0.526,
565,2350,2585,38.324964,-78.146515,obstacle,0.8382,0.0,MEDIUM,104,0.5417,
566,3205,2591,38.321076,-77.275717,obstacle,0.7826,0.0,MEDIUM,112,0.56,
567,2580,2592,38.320428,-77.912265,obstacle,0.9344,0.0,HIGH,107,0.5515,
568,3488,2596,38.317836,-76.987487,obstacle,0.9016,0.0,HIGH,104,0.5532,
569,2732,2597,38.317188,-77.757457,obstacle,0.8824,0.0,MEDIUM,108,0.5482,
570,2449,2601,38.314596,-78.045686,obstacle,0.6557,0.0,LOW,101,0.5519,
571,4343,2606,38.311356,-76.116688,obstacle,0.6438,0.0,LOW,119,0.5721,
572,2870,2607,38.310708,-77.616907,obstacle,0.8852,0.0,MEDIUM,106,0.555,
573,3112,2610,38.308764,-77.370435,obstacle,0.5584,0.0,LOW,121,0.5378,
574,1804,2611,38.308116,-78.702604,obstacle,0.7971,0.0,MEDIUM,119,0.5833,
575,3371,2619,38.302932,-77.106649,obstacle,0.9672,0.0,HIGH,108,0.5455,
576,3498,2619,38.302932,-76.977302,obstacle,0.7826,0.0,MEDIUM,111,0.5606,
577,2534,2627,38.297748,-77.959115,obstacle,0.8529,0.0,MEDIUM,117,0.5545,
578,2684,2628,38.2971,-77.806344,obstacle,0.9672,0.0,HIGH,110,0.5556,
579,3341,2628,38.2971,-77.137204,obstacle,0.5116,0.0,MARGINAL,89,0.5205,
580,1543,2633,38.29386,-78.968427,obstacle,0.7941,0.0,MEDIUM,106,0.555,
581,3574,2633,38.29386,-76.899898,obstacle,0.6389,0.0,LOW,96,0.5783,
582,3608,2633,38.29386,-76.86527,obstacle,0.4722,1.0,MARGINAL,94,0.6104,
583,3622,2633,38.29386,-76.851011,obstacle,0.4722,1.0,MARGINAL,93,0.5962,
584,1804,2640,38.289324,-78.702604,obstacle,0.9508,0.0,HIGH,112,0.5517,
585,1913,2640,38.289324,-78.59159,obstacle,0.8235,0.0,MEDIUM,119,0.5721,
586,4347,2644,38.286733,-76.112615,obstacle,0.7206,0.0,LOW,111,0.5781,
587,4510,2644,38.286733,-75.946603,obstacle,0.8276,0.0,MEDIUM,109,0.5798,
588,3487,2655,38.279605,-76.988506,obstacle,0.8824,0.0,MEDIUM,119,0.5891,
589,2835,2665,38.273125,-77.652553,obstacle,0.8529,0.0,MEDIUM,113,0.5567,
590,6475,2669,38.270533,-73.945293,obstacle,0.5556,1.0,LOW,93,0.62,
591,6405,2670,38.269885,-74.016587,obstacle,0.5,1.0,MARGINAL,79,0.5603,
592,2488,2680,38.263405,-78.005965,obstacle,0.918,0.0,HIGH,106,0.5408,
593,2594,2683,38.261461,-77.898007,obstacle,0.7353,0.0,LOW,104,0.5389,
594,2964,2686,38.259517,-77.52117,obstacle,0.7794,0.0,MEDIUM,109,0.559,
595,4697,2697,38.252389,-75.756147,obstacle,0.8529,0.0,MEDIUM,104,0.5361,
596,2508,2700,38.250445,-77.985596,obstacle,0.6471,0.0,LOW,108,0.5427,
597,3473,2700,38.250445,-77.002764,obstacle,0.8689,0.0,MEDIUM,105,0.5497,
598,1692,2701,38.249798,-78.816674,obstacle,1.0,0.0,HIGH,128,0.6009,
599,2169,2707,38.24591,-78.33086,obstacle,0.75,0.0,MEDIUM,124,0.6169,
600,3593,2708,38.245262,-76.880547,obstacle,0.8529,0.0,MEDIUM,109,0.5396,
601,1995,2725,38.234246,-78.508075,obstacle,0.8033,0.0,MEDIUM,104,0.5474,
602,3642,2749,38.218694,-76.830642,obstacle,0.5833,0.0,LOW,86,0.585,
603,4644,2749,38.218694,-75.810127,obstacle,0.7941,0.0,MEDIUM,110,0.5584,
604,2741,2751,38.217398,-77.74829,obstacle,0.918,0.0,HIGH,107,0.5431,
605,2961,2751,38.217398,-77.524225,obstacle,0.8382,0.0,MEDIUM,112,0.5545,
606,2432,2754,38.215454,-78.063,obstacle,0.7391,0.0,LOW,115,0.561,
607,2559,2758,38.212862,-77.933653,obstacle,0.8852,0.0,MEDIUM,105,0.544,
608,4311,2764,38.208975,-76.14928,obstacle,0.7794,0.0,MEDIUM,107,0.5487,
609,2244,2768,38.206383,-78.254474,obstacle,0.9344,0.0,HIGH,104,0.5445,
610,2966,2771,38.204439,-77.519133,obstacle,0.8525,0.0,MEDIUM,109,0.5707,
611,5724,2774,38.202495,-74.71017,obstacle,0.5,0.8333,MARGINAL,186,0.5671,
612,3163,2781,38.197959,-77.318493,obstacle,0.6176,0.0,LOW,99,0.5238,
613,2221,2784,38.196015,-78.277899,obstacle,0.8676,0.0,MEDIUM,113,0.5594,
614,2432,2786,38.194719,-78.063,obstacle,0.7971,0.0,MEDIUM,123,0.5829,
615,2616,2787,38.194071,-77.8756,obstacle,0.8276,0.0,MEDIUM,106,0.5608,
616,4343,2789,38.192775,-76.116688,obstacle,0.7586,0.0,MEDIUM,106,0.5699,
617,3001,2794,38.189535,-77.483486,obstacle,0.8525,0.0,MEDIUM,104,0.5622,
618,4308,2811,38.178519,-76.152335,obstacle,0.8529,0.0,MEDIUM,106,0.53,
619,3611,2818,38.173983,-76.862214,obstacle,0.918,0.0,HIGH,106,0.5492,
620,2423,2823,38.170744,-78.072166,obstacle,0.7794,0.0,MEDIUM,114,0.5816,
621,2834,2823,38.170744,-77.653572,obstacle,0.9508,0.0,HIGH,105,0.5526,
622,2676,2826,38.1688,-77.814491,obstacle,0.9836,0.0,HIGH,111,0.5578,
623,4258,2829,38.166856,-76.203259,obstacle,0.9412,0.0,HIGH,118,0.57,
624,4354,2831,38.16556,-76.105485,obstacle,0.7794,0.0,MEDIUM,112,0.5685,
625,3174,2847,38.155192,-77.307289,obstacle,0.9672,0.0,HIGH,105,0.533,
626,4760,2858,38.148064,-75.691983,obstacle,0.5106,0.5,MARGINAL,90,0.5,
627,3284,2865,38.143528,-77.195257,obstacle,0.9508,0.0,HIGH,109,0.5505,
628,2940,2876,38.1364,-77.545613,obstacle,0.9508,0.0,HIGH,107,0.5661,
629,4480,2879,38.134457,-75.977157,obstacle,0.8088,0.0,MEDIUM,108,0.5482,
630,1678,2884,38.131217,-78.830933,obstacle,0.8033,0.0,MEDIUM,102,0.5426,
631,3190,2887,38.129273,-77.290994,obstacle,0.6618,0.0,LOW,105,0.5497,
632,2578,2891,38.126681,-77.914302,obstacle,0.8033,0.0,MEDIUM,105,0.5585,
633,3529,2893,38.125385,-76.94573,obstacle,0.6207,1.0,LOW,183,0.5648,
634,3659,2893,38.125385,-76.813328,obstacle,0.5738,1.0,LOW,169,0.5523,
635,3680,2893,38.125385,-76.791939,obstacle,0.4776,1.0,MARGINAL,193,0.6012,
636,2389,2895,38.124089,-78.106795,obstacle,0.8525,0.0,MEDIUM,99,0.541,
637,2145,2898,38.122145,-78.355303,obstacle,0.7971,0.0,MEDIUM,125,0.6068,
638,4442,2909,38.115017,-76.015859,obstacle,0.8696,0.0,MEDIUM,115,0.545,
639,2429,2931,38.100761,-78.066056,obstacle,0.8033,0.0,MEDIUM,104,0.5532,
640,2963,2935,38.098169,-77.522188,obstacle,0.8361,0.0,MEDIUM,103,0.5479,
641,3372,2943,38.092986,-77.105631,obstacle,0.7794,0.0,MEDIUM,116,0.5829,
642,4480,2945,38.09169,-75.977157,obstacle,0.8529,0.0,MEDIUM,110,0.55,
643,2608,2946,38.091042,-77.883748,obstacle,0.8529,0.0,MEDIUM,109,0.545,
644,2345,2962,38.080674,-78.151608,obstacle,0.7206,0.0,LOW,110,0.5729,
645,2712,2972,38.074194,-77.777826,obstacle,0.9118,0.0,HIGH,112,0.56,
646,3238,2992,38.061234,-77.242107,obstacle,0.8088,0.0,MEDIUM,102,0.5312,
647,4488,2992,38.061234,-75.969009,obstacle,0.9559,0.0,HIGH,116,0.58,
648,2392,2999,38.056699,-78.103739,obstacle,0.7353,0.0,LOW,114,0.5846,
649,2994,3001,38.055403,-77.490615,obstacle,0.7941,0.0,MEDIUM,111,0.5663,
650,2572,3007,38.051515,-77.920413,obstacle,0.7759,0.0,MEDIUM,108,0.5684,
651,2434,3009,38.050219,-78.060963,obstacle,0.75,0.0,MEDIUM,109,0.5561,
652,2465,3011,38.048923,-78.02939,obstacle,0.6765,0.0,LOW,110,0.5556,
653,3151,3032,38.035315,-77.330714,obstacle,0.8235,0.0,MEDIUM,105,0.5385,
654,2006,3035,38.033371,-78.496872,obstacle,0.8525,0.0,MEDIUM,109,0.5707,
655,2290,3045,38.026891,-78.207624,obstacle,0.9118,0.0,HIGH,121,0.5902,
656,3214,3046,38.026243,-77.26655,obstacle,0.7353,0.0,LOW,105,0.544,
657,2064,3052,38.022355,-78.4378,obstacle,0.9344,0.0,HIGH,107,0.5459,
658,4440,3053,38.021707,-76.017896,obstacle,0.8361,0.0,MEDIUM,103,0.545,
659,4470,3058,38.018468,-75.987342,obstacle,0.8689,0.0,MEDIUM,109,0.5707,
660,3069,3079,38.00486,-77.41423,obstacle,0.475,1.0,MARGINAL,78,0.6142,
661,2840,3088,37.999028,-77.647461,obstacle,0.7206,0.0,LOW,110,0.5556,
662,3540,3094,37.99514,-76.934526,obstacle,0.6765,0.0,LOW,113,0.5707,
663,3573,3115,37.981532,-76.900917,obstacle,0.918,0.0,HIGH,102,0.5543,
664,3337,3120,37.978293,-77.141277,obstacle,0.75,0.0,MEDIUM,106,0.5381,
665,2893,3135,37.968573,-77.593482,obstacle,0.8438,0.0,MEDIUM,124,0.5962,
666,3239,3136,37.967925,-77.241088,obstacle,0.9836,0.0,HIGH,117,0.5821,
667,2395,3139,37.965981,-78.100684,obstacle,0.9118,0.0,HIGH,119,0.5777,
668,3625,3144,37.962741,-76.847956,obstacle,0.8852,0.0,MEDIUM,103,0.5393,
669,2603,3154,37.956261,-77.88884,obstacle,0.8696,0.0,MEDIUM,123,0.5885,
670,1970,3170,37.945893,-78.533537,obstacle,0.7869,0.0,MEDIUM,105,0.5645,
671,1724,3171,37.945245,-78.784083,obstacle,0.9508,0.0,HIGH,108,0.5538,
672,4457,3171,37.945245,-76.000582,obstacle,0.9344,0.0,HIGH,109,0.5477,
673,2578,3174,37.943301,-77.914302,obstacle,0.7941,0.0,MEDIUM,121,0.602,
674,1796,3175,37.942653,-78.710752,obstacle,0.8696,0.0,MEDIUM,119,0.5749,
675,3032,3181,37.938766,-77.451913,obstacle,0.8689,0.0,MEDIUM,104,0.5532,
676,3500,3182,37.938118,-76.975266,obstacle,0.7353,0.0,LOW,103,0.5337,
677,4439,3185,37.936174,-76.018915,obstacle,0.7647,0.0,MEDIUM,109,0.559,
678,2902,3190,37.932934,-77.584315,obstacle,0.7971,0.0,MEDIUM,125,0.5841,
679,2967,3194,37.930342,-77.518114,obstacle,0.7206,0.0,LOW,105,0.5224,
680,2470,3195,37.929694,-78.024298,obstacle,0.7353,0.0,LOW,105,0.5412,
681,3167,3195,37.929694,-77.314419,obstacle,0.7971,0.0,MEDIUM,118,0.5646,
682,2057,3200,37.926454,-78.444929,obstacle,0.9265,0.0,HIGH,115,0.5779,
683,2576,3201,37.925806,-77.916339,obstacle,0.7123,0.0,LOW,124,0.5849,
684,1928,3204,37.923862,-78.576313,obstacle,0.7377,0.0,LOW,102,0.5455,
685,1581,3205,37.923214,-78.929725,obstacle,0.9836,0.0,HIGH,108,0.5567,
686,3404,3209,37.920622,-77.073039,obstacle,0.7759,0.0,MEDIUM,105,0.5615,
687,7876,3212,37.918678,-72.518405,obstacle,0.4839,1.0,MARGINAL,75,0.6048,
688,7780,3215,37.916734,-72.616179,obstacle,0.4706,1.0,MARGINAL,72,0.6102,
689,1982,3216,37.916086,-78.521315,obstacle,0.9265,0.0,HIGH,119,0.5862,
690,2955,3230,37.907014,-77.530336,obstacle,0.7353,0.0,LOW,111,0.5781,
691,3055,3231,37.906366,-77.428488,obstacle,0.7059,0.0,LOW,117,0.585,
692,2893,3234,37.904422,-77.593482,obstacle,0.8033,0.0,MEDIUM,102,0.534,
693,2771,3236,37.903127,-77.717736,obstacle,0.8088,0.0,MEDIUM,106,0.5381,
694,3173,3239,37.901183,-77.308308,obstacle,0.9531,0.0,HIGH,123,0.5802,
695,2031,3241,37.899887,-78.47141,obstacle,0.9531,0.0,HIGH,125,0.5924,
696,2393,3242,37.899239,-78.102721,obstacle,0.8361,0.0,MEDIUM,108,0.5625,
697,3585,3245,37.897295,-76.888695,obstacle,0.8529,0.0,MEDIUM,120,0.597,
698,2577,3246,37.896647,-77.915321,obstacle,0.7826,0.0,MEDIUM,118,0.5728,
699,2699,3248,37.895351,-77.791066,obstacle,0.918,0.0,HIGH,100,0.5348,
700,2467,3260,37.887575,-78.027353,obstacle,0.7869,0.0,MEDIUM,104,0.5622,
701,4411,3260,37.887575,-76.047432,obstacle,0.8525,0.0,MEDIUM,108,0.5654,
702,3512,3273,37.879151,-76.963044,obstacle,0.8551,0.0,MEDIUM,116,0.5631,
703,2337,3282,37.873319,-78.159756,obstacle,0.6301,0.0,LOW,115,0.5529,
704,3255,3291,37.867487,-77.224793,obstacle,0.75,0.0,MEDIUM,105,0.5412,
705,2260,3298,37.862952,-78.238178,obstacle,0.8382,0.0,MEDIUM,108,0.5567,
706,2689,3301,37.861008,-77.801251,obstacle,0.9344,0.0,HIGH,104,0.5389,
707,8251,3304,37.859064,-72.136476,obstacle,0.7941,0.0,MEDIUM,119,0.6071,
708,3424,3308,37.856472,-77.05267,obstacle,0.9508,0.0,HIGH,113,0.5736,
709,2300,3309,37.855824,-78.197439,obstacle,0.8191,0.0,MEDIUM,173,0.5134,
710,3594,3317,37.85064,-76.879529,obstacle,0.7101,0.0,LOW,114,0.5729,
711,1629,3318,37.849992,-78.880838,obstacle,0.7941,0.0,MEDIUM,104,0.5445,
712,2278,3323,37.846752,-78.219846,obstacle,0.7794,0.0,MEDIUM,117,0.5764,
713,2424,3325,37.845456,-78.071148,obstacle,0.8382,0.0,MEDIUM,122,0.6131,
714,2573,3334,37.839624,-77.919395,obstacle,0.7794,0.0,MEDIUM,117,0.5939,
715,1580,3347,37.8312,-78.930743,obstacle,0.8406,0.0,MEDIUM,125,0.5924,
716,2044,3353,37.827312,-78.45817,obstacle,0.9836,0.0,HIGH,108,0.5775,
717,3576,3353,37.827312,-76.897861,obstacle,0.6812,0.0,LOW,107,0.5194,
718,2896,3355,37.826017,-77.590426,obstacle,0.6765,0.0,LOW,104,0.5503,
719,2449,3358,37.824073,-78.045686,obstacle,0.7941,0.0,MEDIUM,119,0.601,
720,2764,3365,37.819537,-77.724865,obstacle,0.8088,0.0,MEDIUM,106,0.5464,
721,3285,3374,37.813705,-77.194238,obstacle,0.7536,0.0,MEDIUM,111,0.5578,
722,2384,3396,37.799449,-78.111887,obstacle,0.8235,0.0,MEDIUM,108,0.5373,
723,1810,3402,37.795561,-78.696494,obstacle,0.8361,0.0,MEDIUM,119,0.6041,
724,3078,3403,37.794913,-77.405063,obstacle,0.8116,0.0,MEDIUM,112,0.5333,
725,3181,3404,37.794265,-77.30016,obstacle,0.8793,0.0,MEDIUM,110,0.5729,
726,3300,3413,37.788434,-77.178961,obstacle,0.8824,0.0,MEDIUM,117,0.5764,
727,2630,3416,37.78649,-77.861341,obstacle,0.9508,0.0,HIGH,106,0.555,
728,1769,3417,37.785842,-78.738251,obstacle,0.9531,0.0,HIGH,127,0.6019,
729,3010,3419,37.784546,-77.47432,obstacle,0.8088,0.0,MEDIUM,106,0.5492,
730,2008,3423,37.781954,-78.494835,obstacle,0.7353,0.0,LOW,111,0.5692,
731,2341,3427,37.779362,-78.155682,obstacle,0.7794,0.0,MEDIUM,105,0.5276,
732,8271,3432,37.776122,-72.116107,obstacle,0.8448,0.0,MEDIUM,108,0.5684,
733,3596,3433,37.775474,-76.877492,obstacle,0.7681,0.0,MEDIUM,121,0.5874,
734,2754,3447,37.766402,-77.73505,obstacle,0.7353,0.0,LOW,110,0.5584,
735,2312,3450,37.764458,-78.185218,obstacle,0.7931,0.0,MEDIUM,104,0.5503,
736,2058,3453,37.762514,-78.443911,obstacle,0.875,0.0,MEDIUM,111,0.5495,
737,3348,3466,37.75409,-77.130074,obstacle,0.8361,0.0,MEDIUM,109,0.559,
738,7344,3467,37.753442,-73.060236,obstacle,0.8382,0.0,MEDIUM,109,0.5619,
739,2233,3468,37.752794,-78.265677,obstacle,0.7059,0.0,LOW,110,0.5612,
740,3375,3482,37.743723,-77.102575,obstacle,0.7812,0.0,MEDIUM,106,0.5436,
741,3045,3495,37.735299,-77.438673,obstacle,0.9836,0.0,HIGH,106,0.5521,
742,4157,3499,37.732707,-76.306125,obstacle,0.7794,0.0,MEDIUM,111,0.5663,
743,2676,3505,37.728819,-77.814491,obstacle,0.7353,0.0,LOW,110,0.5729,
744,1891,3506,37.728171,-78.613997,obstacle,0.7353,0.0,LOW,108,0.5538,
745,1712,3508,37.726875,-78.796304,obstacle,0.8382,0.0,MEDIUM,116,0.5829,
746,1988,3526,37.715211,-78.515204,obstacle,0.8088,0.0,MEDIUM,111,0.5635,
747,3482,3529,37.713267,-76.993598,obstacle,0.8281,0.0,MEDIUM,107,0.5431,
748,2272,3534,37.710028,-78.225957,obstacle,0.8088,0.0,MEDIUM,121,0.5789,
749,2231,3536,37.708732,-78.267714,obstacle,0.8088,0.0,MEDIUM,111,0.5635,
750,1962,3538,37.707436,-78.541685,obstacle,0.8824,0.0,MEDIUM,110,0.5584,
751,1807,3539,37.706788,-78.699549,obstacle,0.8382,0.0,MEDIUM,113,0.565,
752,3250,3544,37.703548,-77.229885,obstacle,0.8676,0.0,MEDIUM,111,0.5495,
753,3604,3548,37.700956,-76.869344,obstacle,0.6575,0.0,LOW,120,0.566,
754,2070,3554,37.697068,-78.431689,obstacle,0.9508,0.0,HIGH,113,0.5736,
755,3130,3557,37.695124,-77.352102,obstacle,0.9688,0.0,HIGH,130,0.6075,
756,1730,3562,37.691884,-78.777972,obstacle,0.6912,0.0,LOW,113,0.5825,
757,3528,3566,37.689292,-76.946748,obstacle,0.9412,0.0,HIGH,113,0.5459,
758,1659,3569,37.687348,-78.850284,obstacle,0.8235,0.0,MEDIUM,115,0.575,
759,7249,3580,37.68022,-73.156991,obstacle,0.8361,0.0,MEDIUM,102,0.5574,
760,1841,3582,37.678924,-78.664921,obstacle,0.8906,0.0,MEDIUM,107,0.5404,
761,3321,3586,37.676332,-77.157573,obstacle,0.8438,0.0,MEDIUM,119,0.592,
762,2754,3591,37.673092,-77.73505,obstacle,0.7059,0.0,LOW,108,0.5625,
763,7561,3591,37.673092,-72.839226,obstacle,0.8511,0.0,MEDIUM,185,0.5041,
764,2356,3599,37.667909,-78.140404,obstacle,0.7209,0.0,LOW,69,0.552,
765,1545,3600,37.667261,-78.96639,obstacle,0.9344,0.0,HIGH,109,0.5619,
766,2970,3605,37.664021,-77.515059,obstacle,0.8824,0.0,MEDIUM,108,0.5538,
767,3339,3608,37.662077,-77.139241,obstacle,0.7536,0.0,MEDIUM,120,0.5769,
768,1645,3609,37.661429,-78.864542,obstacle,0.8438,0.0,MEDIUM,107,0.5515,
769,2677,3614,37.658189,-77.813473,obstacle,0.7941,0.0,MEDIUM,105,0.5469,
770,1611,3617,37.656245,-78.899171,obstacle,0.7536,0.0,MEDIUM,110,0.5584,
771,3403,3625,37.651061,-77.074058,obstacle,0.8525,0.0,MEDIUM,104,0.5503,
772,2889,3634,37.645229,-77.597556,obstacle,0.7246,0.0,LOW,115,0.5693,
773,1830,3636,37.643933,-78.676124,obstacle,0.8676,0.0,MEDIUM,116,0.5659,
774,2104,3638,37.642637,-78.397061,obstacle,0.8261,0.0,MEDIUM,109,0.5396,
775,4032,3646,37.637453,-76.433435,obstacle,0.8261,0.0,MEDIUM,125,0.5869,
776,3013,3648,37.636157,-77.471264,obstacle,0.8088,0.0,MEDIUM,107,0.5404,
777,4046,3657,37.630326,-76.419176,obstacle,0.8676,0.0,MEDIUM,110,0.5556,
778,3402,3660,37.628382,-77.075076,obstacle,0.6301,0.0,LOW,117,0.5625,
779,2198,3668,37.623198,-78.301324,obstacle,0.8088,0.0,MEDIUM,123,0.6119,
780,2759,3677,37.617366,-77.729958,obstacle,0.8235,0.0,MEDIUM,101,0.5206,
781,2173,3678,37.616718,-78.326786,obstacle,0.918,0.0,HIGH,107,0.5431,
782,2842,3678,37.616718,-77.645424,obstacle,0.8382,0.0,MEDIUM,118,0.593,
783,3533,3679,37.61607,-76.941656,obstacle,0.7681,0.0,MEDIUM,111,0.5441,
784,1539,3686,37.611534,-78.972501,obstacle,0.9344,0.0,HIGH,109,0.559,
785,2954,3687,37.610886,-77.531355,obstacle,0.8689,0.0,MEDIUM,103,0.5337,
786,1805,3690,37.608942,-78.701586,obstacle,0.7826,0.0,MEDIUM,123,0.5913,
787,3141,3693,37.606998,-77.340899,obstacle,0.8525,0.0,MEDIUM,102,0.5635,
788,2402,3700,37.602462,-78.093554,obstacle,0.9344,0.0,HIGH,103,0.545,
789,3104,3703,37.600518,-77.378583,obstacle,0.8382,0.0,MEDIUM,110,0.5699,
790,2797,3707,37.597926,-77.691256,obstacle,0.8298,0.0,MEDIUM,177,0.5237,
791,4112,3722,37.588207,-76.351957,obstacle,0.7759,0.0,MEDIUM,103,0.5479,
792,2131,3730,37.583023,-78.369562,obstacle,0.8197,0.0,MEDIUM,106,0.5638,
793,3413,3730,37.583023,-77.063873,obstacle,0.75,0.0,MEDIUM,106,0.5492,
794,2474,3731,37.582375,-78.020224,obstacle,0.918,0.0,HIGH,108,0.5596,
795,2495,3733,37.581079,-77.998836,obstacle,0.6618,0.0,LOW,107,0.5691,
796,2106,3751,37.569415,-78.395024,obstacle,0.7941,0.0,MEDIUM,113,0.5594,
797,1521,3765,37.560343,-78.990834,obstacle,0.8525,0.0,MEDIUM,106,0.5579,
798,3444,3772,37.555808,-77.0323,obstacle,0.7536,0.0,MEDIUM,121,0.5874,
799,2032,3785,37.547384,-78.470391,obstacle,0.8235,0.0,MEDIUM,105,0.5469,
800,3477,3786,37.546736,-76.998691,obstacle,0.75,0.0,MEDIUM,107,0.5544,
801,2176,3791,37.543496,-78.323731,obstacle,0.918,0.0,HIGH,106,0.5436,
802,2780,3809,37.531832,-77.70857,obstacle,0.8689,0.0,MEDIUM,104,0.5683,
803,2946,3812,37.529888,-77.539502,obstacle,0.7541,0.0,MEDIUM,102,0.5455,
804,4053,3817,37.526648,-76.412047,obstacle,0.918,0.0,HIGH,108,0.5427,
805,1979,3827,37.520168,-78.524371,obstacle,0.8852,0.0,MEDIUM,109,0.5369,
806,1908,3829,37.518873,-78.596683,obstacle,1.0,0.0,HIGH,124,0.6019,
807,1714,3836,37.514337,-78.794267,obstacle,0.8088,0.0,MEDIUM,106,0.5381,
808,1879,3838,37.513041,-78.626219,obstacle,0.8676,0.0,MEDIUM,121,0.599,
809,3460,3838,37.513041,-77.016005,obstacle,0.9344,0.0,HIGH,109,0.5477,
810,3159,3857,37.500729,-77.322567,obstacle,0.8689,0.0,MEDIUM,108,0.5714,
811,1525,3869,37.492953,-78.98676,obstacle,0.7188,0.0,LOW,104,0.5445,
812,1805,3870,37.492305,-78.701586,obstacle,0.8696,0.0,MEDIUM,120,0.5742,
813,2327,3885,37.482585,-78.16994,obstacle,0.9344,0.0,HIGH,107,0.5544,
814,1630,3886,37.481937,-78.87982,obstacle,0.8676,0.0,MEDIUM,109,0.5423,
815,1936,3893,37.477402,-78.568165,obstacle,0.9344,0.0,HIGH,108,0.551,
816,4062,3897,37.47481,-76.402881,obstacle,0.8525,0.0,MEDIUM,109,0.5767,
817,1746,3904,37.470274,-78.761676,obstacle,0.8529,0.0,MEDIUM,111,0.5522,
818,2350,3910,37.466386,-78.146515,obstacle,0.8689,0.0,MEDIUM,105,0.5556,
819,3157,3912,37.46509,-77.324604,obstacle,0.8676,0.0,MEDIUM,118,0.5813,
820,4044,3913,37.464442,-76.421213,obstacle,0.8906,0.0,MEDIUM,114,0.5561,
821,3051,3920,37.459906,-77.432562,obstacle,0.7353,0.0,LOW,111,0.5495,
822,3497,3925,37.456666,-76.978321,obstacle,0.8852,0.0,MEDIUM,113,0.5256,
823,4029,3925,37.456666,-76.436491,obstacle,0.8889,0.0,MEDIUM,95,0.546,
824,2016,3935,37.450186,-78.486687,obstacle,0.8906,0.0,MEDIUM,109,0.5477,
825,2450,3937,37.44889,-78.044668,obstacle,0.75,0.0,MEDIUM,104,0.5226,
826,3314,3940,37.446946,-77.164702,obstacle,0.918,0.0,HIGH,114,0.5729,
827,2404,3941,37.446298,-78.091518,obstacle,0.8525,0.0,MEDIUM,110,0.5699,
828,1654,3942,37.44565,-78.855376,obstacle,0.8235,0.0,MEDIUM,108,0.5596,
829,2620,3945,37.443706,-77.871526,obstacle,0.8689,0.0,MEDIUM,104,0.5591,
830,1866,3947,37.44241,-78.639459,obstacle,0.8676,0.0,MEDIUM,116,0.5743,
831,2767,3952,37.439171,-77.72181,obstacle,0.7206,0.0,LOW,112,0.5773,
832,2696,3964,37.431395,-77.794122,obstacle,0.7647,0.0,MEDIUM,108,0.5567,
833,1521,3970,37.427507,-78.990834,obstacle,0.8852,0.0,MEDIUM,113,0.5765,
834,1725,3970,37.427507,-78.783064,obstacle,0.7869,0.0,MEDIUM,99,0.5266,
835,3314,3978,37.422323,-77.164702,obstacle,0.8529,0.0,MEDIUM,113,0.5622,
836,2643,3981,37.420379,-77.848101,obstacle,0.8594,0.0,MEDIUM,106,0.5436,
837,2105,3994,37.411955,-78.396042,obstacle,0.8361,0.0,MEDIUM,107,0.5602,
838,2859,3994,37.411955,-77.62811,obstacle,0.7353,0.0,LOW,118,0.593,
839,1644,3998,37.409363,-78.865561,obstacle,0.8525,0.0,MEDIUM,103,0.5309,
840,1982,4001,37.407419,-78.521315,obstacle,0.6557,0.0,LOW,97,0.5272,
841,3381,4007,37.403532,-77.096464,obstacle,0.7536,0.0,MEDIUM,109,0.5533,
842,2707,4011,37.40094,-77.782919,obstacle,0.9344,0.0,HIGH,106,0.5436,
843,2566,4012,37.400292,-77.926524,obstacle,0.6765,0.0,LOW,100,0.5155,
844,2259,4013,37.399644,-78.239197,obstacle,0.7353,0.0,LOW,112,0.5657,
845,2500,4038,37.383444,-77.993744,obstacle,0.9672,0.0,HIGH,105,0.5526,
846,2940,4044,37.379556,-77.545613,obstacle,0.7536,0.0,MEDIUM,116,0.5577,
847,2226,4045,37.378908,-78.272807,obstacle,0.7812,0.0,MEDIUM,118,0.5871,
848,2567,4050,37.375668,-77.925506,obstacle,0.9016,0.0,HIGH,104,0.5417,
849,4032,4050,37.375668,-76.433435,obstacle,0.9344,0.0,HIGH,107,0.5404,
850,2508,4064,37.366596,-77.985596,obstacle,0.9344,0.0,HIGH,110,0.5641,
851,2315,4070,37.362709,-78.182162,obstacle,0.9344,0.0,HIGH,106,0.555,
852,3434,4073,37.360765,-77.042485,obstacle,0.913,0.0,HIGH,122,0.581,
853,3019,4076,37.358821,-77.465153,obstacle,0.8852,0.0,MEDIUM,109,0.5369,
854,1825,4079,37.356877,-78.681216,obstacle,0.7971,0.0,MEDIUM,116,0.5714,
855,2409,4080,37.356229,-78.086425,obstacle,0.7391,0.0,LOW,116,0.5714,
856,2112,4081,37.355581,-78.388913,obstacle,0.7794,0.0,MEDIUM,114,0.5672,
857,1545,4092,37.348453,-78.96639,obstacle,0.8261,0.0,MEDIUM,122,0.5837,
858,3105,4097,37.345213,-77.377564,obstacle,0.9219,0.0,HIGH,119,0.5721,
859,2388,4098,37.344565,-78.107813,obstacle,0.8197,0.0,MEDIUM,102,0.5204,
860,1936,4104,37.340677,-78.568165,obstacle,0.6912,0.0,LOW,104,0.5417,
861,7123,4108,37.338085,-73.285319,obstacle,0.8784,0.0,MEDIUM,143,0.6137,
862,4038,4114,37.334197,-76.427324,obstacle,0.7647,0.0,MEDIUM,104,0.5333,
863,2702,4115,37.333549,-77.788011,obstacle,0.7353,0.0,LOW,104,0.5389,
864,3081,4117,37.332253,-77.402008,obstacle,0.7647,0.0,MEDIUM,111,0.5635,
865,3824,4120,37.330309,-76.645279,obstacle,0.5,0.0,MARGINAL,88,0.6154,
866,7395,4121,37.329661,-73.008293,obstacle,0.8689,0.0,MEDIUM,96,0.5333,
867,1892,4125,37.327069,-78.612978,obstacle,0.8971,0.0,MEDIUM,115,0.561,
868,3174,4125,37.327069,-77.307289,obstacle,0.8852,0.0,MEDIUM,110,0.5699,
869,1796,4126,37.326422,-78.710752,obstacle,0.8033,0.0,MEDIUM,109,0.5677,
870,1854,4128,37.325126,-78.65168,obstacle,0.8793,0.0,MEDIUM,110,0.5699,
871,2381,4128,37.325126,-78.114943,obstacle,0.7941,0.0,MEDIUM,112,0.5714,
872,3092,4146,37.313462,-77.390805,obstacle,0.8382,0.0,MEDIUM,118,0.593,
873,7431,4146,37.313462,-72.971628,obstacle,0.5882,0.0,LOW,114,0.5377,
874,2513,4157,37.306334,-77.980503,obstacle,0.8511,0.0,MEDIUM,185,0.5241,
875,2344,4158,37.305686,-78.152626,obstacle,0.9344,0.0,HIGH,111,0.5722,
876,2557,4159,37.305038,-77.93569,obstacle,0.918,0.0,HIGH,107,0.5515,
877,2369,4168,37.299206,-78.127164,obstacle,0.8689,0.0,MEDIUM,104,0.5389,
878,2771,4181,37.290782,-77.717736,obstacle,0.9118,0.0,HIGH,114,0.5588,
879,2328,4184,37.288838,-78.168922,obstacle,0.7206,0.0,LOW,107,0.5573,
880,2805,4191,37.284303,-77.683108,obstacle,0.8529,0.0,MEDIUM,121,0.602,
881,1602,4195,37.281711,-78.908337,obstacle,0.8197,0.0,MEDIUM,110,0.5641,
882,2088,4196,37.281063,-78.413357,obstacle,0.9016,0.0,HIGH,106,0.5436,
883,2534,4198,37.279767,-77.959115,obstacle,0.8525,0.0,MEDIUM,107,0.5245,
884,7163,4199,37.279119,-73.24458,obstacle,0.76,0.0,MEDIUM,156,0.5436,
885,2070,4204,37.275879,-78.431689,obstacle,0.7246,0.0,LOW,106,0.5408,
886,3003,4204,37.275879,-77.481449,obstacle,0.8971,0.0,MEDIUM,118,0.5813,
887,2727,4208,37.273287,-77.762549,obstacle,0.7812,0.0,MEDIUM,107,0.5515,
888,2538,4217,37.267455,-77.955041,obstacle,0.75,0.0,MEDIUM,108,0.5567,
889,2288,4225,37.262271,-78.209661,obstacle,0.8852,0.0,MEDIUM,111,0.5663,
890,2617,4228,37.260327,-77.874582,obstacle,0.6438,0.0,LOW,122,0.5837,
891,2861,4234,37.256439,-77.626073,obstacle,0.918,0.0,HIGH,102,0.5574,
892,2233,4245,37.249312,-78.265677,obstacle,0.6957,0.0,LOW,119,0.5667,
893,2525,4248,37.247368,-77.968282,obstacle,0.8088,0.0,MEDIUM,109,0.5533,
894,2851,4256,37.242184,-77.636258,obstacle,0.8382,0.0,MEDIUM,106,0.5327,
895,2196,4265,37.236352,-78.303361,obstacle,0.8525,0.0,MEDIUM,110,0.567,
896,1667,4267,37.235056,-78.842136,obstacle,0.7353,0.0,LOW,98,0.5269,
897,3502,4276,37.229224,-76.973229,obstacle,0.8515,0.0,MEDIUM,207,0.5595,
898,1738,4297,37.215616,-78.769824,obstacle,0.8361,0.0,MEDIUM,101,0.5459,
899,3265,4298,37.214968,-77.214608,obstacle,0.7206,0.0,LOW,105,0.544,
900,3366,4303,37.211728,-77.111742,obstacle,0.8438,0.0,MEDIUM,120,0.5882,
901,1781,4307,37.209137,-78.726029,obstacle,0.8382,0.0,MEDIUM,114,0.57,
902,2191,4314,37.204601,-78.308453,obstacle,0.8986,0.0,MEDIUM,117,0.568,
903,2756,4330,37.194233,-77.733013,obstacle,0.7206,0.0,LOW,107,0.5544,
904,1915,4333,37.192289,-78.589553,obstacle,0.8689,0.0,MEDIUM,106,0.573,
905,2286,4335,37.190993,-78.211698,obstacle,0.8529,0.0,MEDIUM,112,0.5545,
906,2367,4342,37.186457,-78.129201,obstacle,0.8689,0.0,MEDIUM,104,0.5389,
907,3327,4342,37.186457,-77.151462,obstacle,0.8529,0.0,MEDIUM,111,0.555,
908,2141,4345,37.184513,-78.359377,obstacle,0.6765,0.0,LOW,101,0.5344,
909,2163,4349,37.181921,-78.336971,obstacle,0.8676,0.0,MEDIUM,106,0.53,
910,3406,4355,37.178033,-77.071002,obstacle,0.8197,0.0,MEDIUM,104,0.5389,
911,1514,4358,37.176089,-78.997963,obstacle,0.8382,0.0,MEDIUM,106,0.5521,
912,1843,4361,37.174145,-78.662884,obstacle,0.6957,0.0,LOW,101,0.5153,
913,3361,4366,37.170906,-77.116834,obstacle,0.8088,0.0,MEDIUM,109,0.5477,
914,7364,4373,37.16637,-73.039866,obstacle,0.75,0.0,MEDIUM,153,0.5604,
915,2685,4375,37.165074,-77.805325,obstacle,0.8529,0.0,MEDIUM,104,0.5333,
916,1855,4382,37.160538,-78.650662,obstacle,0.8689,0.0,MEDIUM,102,0.5574,
917,3913,4383,37.15989,-76.554634,obstacle,0.6667,0.5,LOW,91,0.6149,
918,3198,4384,37.159242,-77.282846,obstacle,0.9016,0.0,HIGH,109,0.5767,
919,7384,4384,37.159242,-73.019497,obstacle,0.7941,0.0,MEDIUM,111,0.5635,
920,3640,4385,37.158594,-76.832679,obstacle,0.5529,0.0,LOW,160,0.5461,
921,7550,4391,37.154706,-72.850429,obstacle,0.7525,0.0,MEDIUM,188,0.5054,
922,2092,4394,37.152762,-78.409283,obstacle,0.7059,0.0,LOW,105,0.5497,
923,3248,4401,37.148226,-77.231922,obstacle,0.7941,0.0,MEDIUM,106,0.5222,
924,1607,4405,37.145634,-78.903245,obstacle,0.6765,0.0,LOW,104,0.5503,
925,2095,4418,37.13721,-78.406227,obstacle,0.8971,0.0,MEDIUM,104,0.5306,
926,3374,4418,37.13721,-77.103594,obstacle,0.9016,0.0,HIGH,108,0.5427,
927,2067,4421,37.135266,-78.434745,obstacle,0.7647,0.0,MEDIUM,106,0.5436,
928,7368,4421,37.135266,-73.035792,obstacle,0.8676,0.0,MEDIUM,119,0.5833,
929,7865,4427,37.131379,-72.529609,obstacle,0.8687,0.0,MEDIUM,204,0.5469,
930,3349,4430,37.129435,-77.129056,obstacle,0.8966,0.0,MEDIUM,113,0.5825,
931,1997,4431,37.128787,-78.506038,obstacle,0.8689,0.0,MEDIUM,102,0.5484,
932,3460,4447,37.118419,-77.016005,obstacle,0.7945,0.0,MEDIUM,134,0.6119,
933,8089,4449,37.117123,-72.30147,obstacle,0.8621,0.0,MEDIUM,109,0.5648,
934,3132,4452,37.115179,-77.350065,obstacle,0.8906,0.0,MEDIUM,118,0.5673,
935,3357,4466,37.106107,-77.120908,obstacle,0.7353,0.0,LOW,105,0.5469,
936,1966,4469,37.104163,-78.537611,obstacle,0.8986,0.0,MEDIUM,119,0.5561,
937,3203,4472,37.102219,-77.277754,obstacle,0.918,0.0,HIGH,102,0.5426,
938,1937,4486,37.093148,-78.567147,obstacle,0.7353,0.0,LOW,117,0.5764,
939,2451,4507,37.07954,-78.043649,obstacle,0.7353,0.0,LOW,109,0.5619,
940,2128,4508,37.078892,-78.372617,obstacle,0.7941,0.0,MEDIUM,109,0.5561,
941,1902,4513,37.075652,-78.602794,obstacle,0.7206,0.0,LOW,107,0.5602,
942,3212,4518,37.072412,-77.268587,obstacle,0.8382,0.0,MEDIUM,110,0.55,
943,3257,4520,37.071116,-77.222756,obstacle,0.7353,0.0,LOW,107,0.5487,
944,3377,4527,37.06658,-77.100538,obstacle,0.7971,0.0,MEDIUM,110,0.5528,
945,1833,4532,37.06334,-78.673069,obstacle,0.7206,0.0,LOW,105,0.5469,
946,1616,4537,37.0601,-78.894078,obstacle,0.7188,0.0,LOW,108,0.5538,
947,3228,4540,37.058156,-77.252292,obstacle,0.8529,0.0,MEDIUM,117,0.5625,
948,2013,4547,37.053621,-78.489742,obstacle,0.7647,0.0,MEDIUM,107,0.5487,
949,1842,4554,37.049085,-78.663902,obstacle,0.7941,0.0,MEDIUM,109,0.5533,
950,3137,4555,37.048437,-77.344973,obstacle,0.6765,0.0,LOW,102,0.5397,
951,2065,4556,37.047789,-78.436782,obstacle,0.7391,0.0,LOW,105,0.5357,
952,2165,4562,37.043901,-78.334934,obstacle,0.9375,0.0,HIGH,122,0.5281,
953,3297,4563,37.043253,-77.182017,obstacle,0.8361,0.0,MEDIUM,104,0.5474,
954,2235,4579,37.032885,-78.26364,obstacle,0.6885,0.0,LOW,103,0.545,
955,2024,4582,37.030941,-78.478539,obstacle,0.7246,0.0,LOW,103,0.5255,
956,1708,4586,37.028349,-78.800378,obstacle,0.6912,0.0,LOW,108,0.5684,
957,3085,4599,37.019925,-77.397934,obstacle,0.8361,0.0,MEDIUM,110,0.5699,
958,1986,4601,37.01863,-78.517241,obstacle,0.9344,0.0,HIGH,106,0.5464,
959,3411,4607,37.014742,-77.06591,obstacle,0.7794,0.0,MEDIUM,107,0.5515,
960,3582,4611,37.01215,-76.89175,obstacle,0.8529,0.0,MEDIUM,117,0.5821,
961,3082,4618,37.007614,-77.400989,obstacle,0.8125,0.0,MEDIUM,104,0.5253,
962,3942,4622,37.005022,-76.525098,obstacle,0.8529,0.0,MEDIUM,111,0.5468,
963,4288,4623,37.004374,-76.172705,obstacle,0.5319,0.0,MARGINAL,140,0.6009,
964,2047,4624,37.003726,-78.455114,obstacle,0.7059,0.0,LOW,108,0.5625,
965,4259,4624,37.003726,-76.202241,obstacle,0.5745,0.0,LOW,155,0.6102,
966,3252,4629,37.000486,-77.227848,obstacle,0.9016,0.0,HIGH,102,0.534,
967,1915,4631,36.99919,-78.589553,obstacle,0.8676,0.0,MEDIUM,117,0.5792,
968,2875,4632,36.998542,-77.611814,obstacle,0.8406,0.0,MEDIUM,126,0.5943,
969,2913,4635,36.996598,-77.573112,obstacle,0.9344,0.0,HIGH,101,0.526,
970,2356,4640,36.993358,-78.140404,obstacle,0.5692,0.0,LOW,99,0.6,
971,1774,4644,36.990766,-78.733159,obstacle,0.7941,0.0,MEDIUM,119,0.5891,
972,2888,4647,36.988822,-77.598574,obstacle,0.7536,0.0,MEDIUM,113,0.5381,
973,2937,4649,36.987526,-77.548669,obstacle,0.9016,0.0,HIGH,104,0.5503,
974,2628,4650,36.986878,-77.863378,obstacle,0.8689,0.0,MEDIUM,100,0.5435,
975,1571,4654,36.984286,-78.93991,obstacle,0.9344,0.0,HIGH,110,0.5641,
976,1742,4660,36.980399,-78.76575,obstacle,0.9412,0.0,HIGH,115,0.5583,
977,2695,4660,36.980399,-77.79514,obstacle,0.6301,0.0,LOW,115,0.5425,
978,1555,4665,36.977159,-78.956205,obstacle,0.9344,0.0,HIGH,108,0.5654,
979,1894,4667,36.975863,-78.610941,obstacle,0.7213,0.0,LOW,104,0.5591,
980,2524,4668,36.975215,-77.9693,obstacle,0.7794,0.0,MEDIUM,117,0.5821,
981,2847,4669,36.974567,-77.640332,obstacle,0.7647,0.0,MEDIUM,112,0.5773,
982,3233,4678,36.968735,-77.247199,obstacle,1.0,0.0,HIGH,119,0.5694,
983,3981,4678,36.968735,-76.485378,obstacle,0.9016,0.0,HIGH,103,0.545,
984,3137,4682,36.966143,-77.344973,obstacle,0.8281,0.0,MEDIUM,110,0.5584,
985,2781,4683,36.965495,-77.707551,obstacle,0.8696,0.0,MEDIUM,121,0.5628,
986,1623,4687,36.962903,-78.886949,obstacle,0.7353,0.0,LOW,110,0.567,
987,2328,4717,36.943463,-78.168922,obstacle,0.8971,0.0,MEDIUM,118,0.5784,
988,2983,4725,36.93828,-77.501819,obstacle,0.75,0.0,MEDIUM,109,0.5619,
989,1954,4732,36.933744,-78.549833,obstacle,0.8197,0.0,MEDIUM,103,0.545,
990,2934,4735,36.9318,-77.551724,obstacle,0.8689,0.0,MEDIUM,102,0.5426,
991,3064,4737,36.930504,-77.419322,obstacle,0.7971,0.0,MEDIUM,115,0.5721,
992,4260,4742,36.927264,-76.201222,obstacle,0.5,1.0,MARGINAL,82,0.5467,
993,3140,4755,36.91884,-77.341918,obstacle,0.8361,0.0,MEDIUM,105,0.5497,
994,2010,4765,36.91236,-78.492798,obstacle,0.7941,0.0,MEDIUM,116,0.5859,
995,2815,4765,36.91236,-77.672923,obstacle,0.6618,0.0,LOW,103,0.5479,
996,2337,4766,36.911712,-78.159756,obstacle,0.9508,0.0,HIGH,112,0.5657,
997,2302,4767,36.911064,-78.195402,obstacle,0.75,0.0,MEDIUM,110,0.5699,
998,3760,4767,36.911064,-76.710461,obstacle,0.8191,0.0,MEDIUM,178,0.5145,
999,1533,4779,36.903289,-78.978612,obstacle,0.6912,0.0,LOW,102,0.534,
1000,1990,4782,36.901345,-78.513167,obstacle,0.8382,0.0,MEDIUM,115,0.575,
1001,2730,4783,36.900697,-77.759494,obstacle,0.8906,0.0,MEDIUM,119,0.5721,
1002,2996,4795,36.892921,-77.488578,obstacle,0.8529,0.0,MEDIUM,112,0.5685,
1003,3775,4798,36.890977,-76.695184,obstacle,0.7826,0.0,MEDIUM,114,0.5481,
1004,2129,4812,36.881905,-78.371599,obstacle,0.8235,0.0,MEDIUM,111,0.5522,
1005,2073,4816,36.879313,-78.428634,obstacle,0.8525,0.0,MEDIUM,113,0.5707,
1006,3692,4818,36.878017,-76.779718,obstacle,0.8525,0.0,MEDIUM,104,0.5474,
1007,1654,4822,36.875425,-78.855376,obstacle,0.7059,0.0,LOW,106,0.5464,
1008,1986,4836,36.866353,-78.517241,obstacle,0.7794,0.0,MEDIUM,103,0.5202,
1009,2330,4837,36.865705,-78.166885,obstacle,0.7353,0.0,LOW,104,0.5445,
1010,2153,4859,36.85145,-78.347156,obstacle,0.9375,0.0,HIGH,114,0.57,
1011,1650,4867,36.846266,-78.85945,obstacle,0.9344,0.0,HIGH,102,0.5312,
1012,3194,4876,36.840434,-77.28692,obstacle,0.8281,0.0,MEDIUM,117,0.5764,
1013,1754,4883,36.835898,-78.753528,obstacle,0.7794,0.0,MEDIUM,107,0.5487,
1014,1649,4888,36.832658,-78.860468,obstacle,0.7705,0.0,MEDIUM,103,0.5598,
1015,1824,4899,36.825531,-78.682235,obstacle,0.8116,0.0,MEDIUM,117,0.5821,
1016,2578,4906,36.820995,-77.914302,obstacle,0.9559,0.0,HIGH,121,0.5762,
1017,2148,4907,36.820347,-78.352248,obstacle,0.8689,0.0,MEDIUM,101,0.5316,
1018,1675,4910,36.818403,-78.833988,obstacle,0.9344,0.0,HIGH,107,0.5602,
1019,3622,4913,36.816459,-76.851011,obstacle,0.7723,0.0,MEDIUM,190,0.508,
1020,2493,4914,36.815811,-78.000873,obstacle,0.8438,0.0,MEDIUM,119,0.5833,
1021,3817,4916,36.814515,-76.652408,obstacle,0.7705,0.0,MEDIUM,102,0.5514,
1022,2909,4926,36.808035,-77.577186,obstacle,0.9375,0.0,HIGH,114,0.5644,
1023,3126,4933,36.803499,-77.356176,obstacle,0.6885,0.0,LOW,101,0.5489,
1024,2252,4939,36.799611,-78.246326,obstacle,0.8276,0.0,MEDIUM,121,0.5902,
1025,3841,4939,36.799611,-76.627964,obstacle,0.8824,0.0,MEDIUM,117,0.5707,
1026,1660,4948,36.793779,-78.849265,obstacle,0.8197,0.0,MEDIUM,106,0.5579,
1027,2075,4959,36.786652,-78.426597,obstacle,0.9016,0.0,HIGH,104,0.5591,
1028,1614,4967,36.781468,-78.896115,obstacle,0.8852,0.0,MEDIUM,106,0.5521,
1029,2331,4967,36.781468,-78.165866,obstacle,0.7705,0.0,MEDIUM,101,0.5459,
1030,2306,4974,36.776932,-78.191328,obstacle,0.9508,0.0,HIGH,113,0.5736,
1031,1974,4982,36.771748,-78.529463,obstacle,0.9344,0.0,HIGH,106,0.5464,
1032,2352,4983,36.7711,-78.144478,obstacle,0.9836,0.0,HIGH,116,0.5829,
1033,2109,4986,36.769156,-78.391969,obstacle,0.8852,0.0,MEDIUM,107,0.5544,
1034,1737,4989,36.767212,-78.770842,obstacle,0.8033,0.0,MEDIUM,107,0.5602,
1035,1922,4992,36.765268,-78.582424,obstacle,0.9344,0.0,HIGH,108,0.5567,
1036,3641,4992,36.765268,-76.83166,obstacle,0.8361,0.0,MEDIUM,105,0.5526,
1037,3906,4993,36.76462,-76.561763,obstacle,0.9375,0.0,HIGH,117,0.5792,
1038,2600,4994,36.763972,-77.891896,obstacle,0.7941,0.0,MEDIUM,105,0.5224,
1039,3072,4994,36.763972,-77.411174,obstacle,0.8824,0.0,MEDIUM,120,0.597,
1040,1753,5002,36.758788,-78.754547,obstacle,0.7536,0.0,MEDIUM,115,0.5665,
1041,2781,5003,36.75814,-77.707551,obstacle,0.8085,0.0,MEDIUM,174,0.5163,
1042,3352,5003,36.75814,-77.126,obstacle,0.7941,0.0,MEDIUM,108,0.551,
1043,1588,5004,36.757492,-78.922596,obstacle,0.8592,0.0,MEDIUM,129,0.5972,
1044,1682,5004,36.757492,-78.826859,obstacle,0.8382,0.0,MEDIUM,118,0.5813,
1045,2618,5006,36.756196,-77.873563,obstacle,0.7647,0.0,MEDIUM,107,0.5487,
1046,1890,5009,36.754252,-78.615015,obstacle,0.75,0.0,MEDIUM,107,0.5431,
1047,2498,5009,36.754252,-77.995781,obstacle,0.7647,0.0,MEDIUM,107,0.5515,
1048,2725,5015,36.750364,-77.764586,obstacle,0.8281,0.0,MEDIUM,104,0.5417,
1049,3220,5019,36.747773,-77.260439,obstacle,0.8529,0.0,MEDIUM,116,0.5743,
1050,2796,5023,36.745181,-77.692274,obstacle,0.7941,0.0,MEDIUM,114,0.5758,
1051,2858,5029,36.741293,-77.629128,obstacle,0.8197,0.0,MEDIUM,104,0.5532,
1052,2192,5033,36.738701,-78.307435,obstacle,0.9344,0.0,HIGH,116,0.5829,
1053,3206,5035,36.737405,-77.274698,obstacle,0.8197,0.0,MEDIUM,104,0.5532,
1054,1943,5039,36.734813,-78.561036,obstacle,0.7826,0.0,MEDIUM,113,0.5678,
1055,1781,5040,36.734165,-78.726029,obstacle,0.7971,0.0,MEDIUM,121,0.5628,
1056,2132,5044,36.731573,-78.368544,obstacle,0.8406,0.0,MEDIUM,113,0.5539,
1057,2460,5046,36.730277,-78.034483,obstacle,0.8382,0.0,MEDIUM,106,0.5521,
1058,3617,5056,36.723797,-76.856104,obstacle,0.875,0.0,MEDIUM,112,0.5545,
1059,2245,5069,36.715373,-78.253456,obstacle,0.8088,0.0,MEDIUM,108,0.5482,
1060,2083,5076,36.710838,-78.418449,obstacle,0.8852,0.0,MEDIUM,101,0.543,
1061,2665,5077,36.71019,-77.825695,obstacle,0.8235,0.0,MEDIUM,112,0.5657,
1062,3683,5093,36.699822,-76.788884,obstacle,0.8197,0.0,MEDIUM,98,0.5131,
1063,1625,5104,36.692694,-78.884912,obstacle,0.8214,0.0,MEDIUM,166,0.5015,
1064,4024,5104,36.692694,-76.441583,obstacle,0.8416,0.0,MEDIUM,200,0.5141,
1065,2209,5115,36.685566,-78.290121,obstacle,0.9344,0.0,HIGH,108,0.5567,
1066,3850,5117,36.68427,-76.618798,obstacle,0.8824,0.0,MEDIUM,115,0.5665,
1067,3033,5120,36.682326,-77.450895,obstacle,0.8088,0.0,MEDIUM,109,0.5533,
1068,2687,5125,36.679086,-77.803288,obstacle,0.9344,0.0,HIGH,110,0.5556,
1069,3399,5127,36.67779,-77.078132,obstacle,0.7353,0.0,LOW,112,0.56,
1070,1634,5137,36.671311,-78.875746,obstacle,0.8529,0.0,MEDIUM,113,0.5622,
1071,2485,5145,36.666127,-78.009021,obstacle,0.9344,0.0,HIGH,106,0.5408,
1072,3309,5147,36.664831,-77.169795,obstacle,0.7353,0.0,LOW,107,0.5573,
1073,4059,5159,36.657055,-76.405936,obstacle,0.8824,0.0,MEDIUM,112,0.5545,
1074,1630,5168,36.651223,-78.87982,obstacle,0.8033,0.0,MEDIUM,100,0.5319,
1075,1752,5169,36.650575,-78.755565,obstacle,0.8841,0.0,MEDIUM,119,0.5777,
1076,2888,5174,36.647335,-77.598574,obstacle,0.7705,0.0,MEDIUM,104,0.5622,
1077,3138,5180,36.643447,-77.343955,obstacle,0.7869,0.0,MEDIUM,101,0.5372,
1078,2174,5196,36.63308,-78.325767,obstacle,0.8824,0.0,MEDIUM,116,0.5743,
1079,4080,5203,36.628544,-76.384548,obstacle,0.8621,0.0,MEDIUM,107,0.5602,
1080,1968,5206,36.6266,-78.535574,obstacle,0.8529,0.0,MEDIUM,117,0.5764,
1081,2626,5210,36.624008,-77.865415,obstacle,0.8529,0.0,MEDIUM,112,0.56,
1082,2910,5213,36.622064,-77.576168,obstacle,0.8438,0.0,MEDIUM,111,0.5635,
1083,2889,5220,36.617528,-77.597556,obstacle,0.8281,0.0,MEDIUM,113,0.5539,
1084,2163,5228,36.612344,-78.336971,obstacle,0.8406,0.0,MEDIUM,116,0.5686,
1085,2809,5229,36.611696,-77.679034,obstacle,0.8852,0.0,MEDIUM,108,0.5625,
1086,3219,5231,36.6104,-77.261458,obstacle,0.7353,0.0,LOW,110,0.5612,
1087,1929,5237,36.606512,-78.575295,obstacle,0.7123,0.0,LOW,125,0.5924,
1088,2394,5238,36.605864,-78.101702,obstacle,0.8696,0.0,MEDIUM,122,0.5951,
1089,2022,5245,36.601328,-78.480576,obstacle,0.8448,0.0,MEDIUM,107,0.5602,
1090,2984,5246,36.60068,-77.5008,obstacle,0.7971,0.0,MEDIUM,118,0.5673,
1091,2841,5248,36.599384,-77.646443,obstacle,0.9344,0.0,HIGH,104,0.5417,
1092,1568,5250,36.598088,-78.942965,obstacle,0.8276,0.0,MEDIUM,112,0.5773,
1093,2621,5250,36.598088,-77.870508,obstacle,0.8033,0.0,MEDIUM,102,0.5426,
1094,2308,5253,36.596145,-78.189291,obstacle,0.7826,0.0,MEDIUM,127,0.5853,
1095,1648,5262,36.590313,-78.861487,obstacle,0.8689,0.0,MEDIUM,100,0.5236,
1096,4094,5265,36.588369,-76.37029,obstacle,0.8852,0.0,MEDIUM,101,0.5288,
1097,2286,5268,36.586425,-78.211698,obstacle,0.7941,0.0,MEDIUM,107,0.5459,
1098,1747,5269,36.585777,-78.760658,obstacle,0.7826,0.0,MEDIUM,117,0.5652,
1099,2835,5270,36.585129,-77.652553,obstacle,0.6765,0.0,LOW,102,0.5312,
1100,1885,5280,36.578649,-78.620108,obstacle,0.8986,0.0,MEDIUM,118,0.5728,
1101,3616,5280,36.578649,-76.857122,obstacle,0.75,0.0,MEDIUM,109,0.5648,
1102,2135,5287,36.574113,-78.365488,obstacle,0.7931,0.0,MEDIUM,100,0.5319,
1103,3291,5290,36.572169,-77.188127,obstacle,0.8906,0.0,MEDIUM,120,0.5825,
1104,3500,5292,36.570873,-76.975266,obstacle,0.7941,0.0,MEDIUM,111,0.5495,
1105,3836,5292,36.570873,-76.633057,obstacle,0.9265,0.0,HIGH,116,0.5577,
1106,3251,5306,36.561801,-77.228867,obstacle,0.7794,0.0,MEDIUM,112,0.5744,
1107,2499,5321,36.552082,-77.994762,obstacle,0.7705,0.0,MEDIUM,103,0.5598,
1108,1587,5327,36.548194,-78.923614,obstacle,0.7414,0.0,LOW,102,0.5543,
1109,2119,5328,36.547546,-78.381784,obstacle,0.8361,0.0,MEDIUM,101,0.5206,
1110,2197,5333,36.544306,-78.302342,obstacle,0.7213,0.0,LOW,100,0.5319,
1111,1711,5337,36.541714,-78.797323,obstacle,0.8261,0.0,MEDIUM,116,0.5714,
1112,2673,5339,36.540418,-77.817547,obstacle,0.9016,0.0,HIGH,105,0.5469,
1113,3535,5339,36.540418,-76.939619,obstacle,0.7681,0.0,MEDIUM,114,0.5561,
1114,2978,5348,36.534586,-77.506911,obstacle,0.8088,0.0,MEDIUM,116,0.5829,
1115,2088,5349,36.533938,-78.413357,obstacle,0.734,0.0,LOW,184,0.5014,
1116,3157,5353,36.531346,-77.324604,obstacle,0.8261,0.0,MEDIUM,121,0.5735,
1117,2027,5359,36.527458,-78.475484,obstacle,0.9375,0.0,HIGH,120,0.5882,
1118,1930,5364,36.524218,-78.574276,obstacle,0.7206,0.0,LOW,104,0.5389,
1119,2371,5368,36.521626,-78.125127,obstacle,0.9219,0.0,HIGH,121,0.5817,
1120,1632,5376,36.516443,-78.877783,obstacle,0.9344,0.0,HIGH,109,0.5533,
1121,1758,5377,36.515795,-78.749454,obstacle,0.7353,0.0,LOW,101,0.5233,
1122,2487,5382,36.512555,-78.006984,obstacle,0.7246,0.0,LOW,102,0.51,
1123,2955,5382,36.512555,-77.530336,obstacle,0.7188,0.0,LOW,100,0.5208,
1124,2722,5389,36.508019,-77.767641,obstacle,0.75,0.0,MEDIUM,104,0.5389,
1125,4151,5392,36.506075,-76.312236,obstacle,0.9508,0.0,HIGH,112,0.5628,
1126,1951,5399,36.501539,-78.552888,obstacle,0.7541,0.0,MEDIUM,102,0.5484,
1127,1857,5401,36.500243,-78.648625,obstacle,0.8529,0.0,MEDIUM,108,0.5567,
1128,2737,5413,36.492467,-77.752364,obstacle,0.9344,0.0,HIGH,103,0.5365,
1129,2096,5416,36.490523,-78.405209,obstacle,0.9062,0.0,HIGH,109,0.5505,
1130,3280,5419,36.488579,-77.199331,obstacle,0.8551,0.0,MEDIUM,124,0.5905,
1131,2706,5420,36.487931,-77.783937,obstacle,0.7971,0.0,MEDIUM,122,0.5865,
1132,2169,5422,36.486635,-78.33086,obstacle,0.8235,0.0,MEDIUM,104,0.5445,
1133,2499,5428,36.482747,-77.994762,obstacle,0.7647,0.0,MEDIUM,104,0.5306,
1134,1783,5433,36.479508,-78.723992,obstacle,0.8438,0.0,MEDIUM,109,0.5505,
1135,1602,5435,36.478212,-78.908337,obstacle,0.6557,0.0,LOW,100,0.5405,
1136,2477,5435,36.478212,-78.017169,obstacle,0.8966,0.0,MEDIUM,105,0.5412,
1137,2758,5439,36.47562,-77.730976,obstacle,0.8986,0.0,MEDIUM,118,0.5728,
1138,3358,5439,36.47562,-77.119889,obstacle,0.9016,0.0,HIGH,110,0.5641,
1139,2704,5452,36.467196,-77.785974,obstacle,0.8852,0.0,MEDIUM,96,0.5106,
1140,3558,5453,36.466548,-76.916194,obstacle,0.9062,0.0,HIGH,109,0.5561,
1141,2141,5456,36.464604,-78.359377,obstacle,0.9853,0.0,HIGH,124,0.5933,
1142,2064,5465,36.458772,-78.4378,obstacle,0.7931,0.0,MEDIUM,104,0.5561,
1143,1906,5466,36.458124,-78.59872,obstacle,0.6812,0.0,LOW,109,0.5648,
1144,3482,5466,36.458124,-76.993598,obstacle,0.8356,0.0,MEDIUM,119,0.5509,
1145,4265,5476,36.451644,-76.19613,obstacle,0.6957,0.0,LOW,118,0.5728,
1146,3175,5479,36.4497,-77.306271,obstacle,0.8696,0.0,MEDIUM,121,0.5735,
1147,3341,5485,36.445812,-77.137204,obstacle,0.7869,0.0,MEDIUM,100,0.5525,
1148,2140,5493,36.440629,-78.360396,obstacle,0.7246,0.0,LOW,103,0.5309,
1149,1615,5522,36.421837,-78.895097,obstacle,0.7941,0.0,MEDIUM,108,0.551,
1150,2015,5522,36.421837,-78.487706,obstacle,0.8696,0.0,MEDIUM,122,0.5894,
1151,1936,5528,36.417949,-78.568165,obstacle,0.75,0.0,MEDIUM,114,0.5588,
1152,3934,5529,36.417301,-76.533246,obstacle,0.551,1.0,LOW,112,0.5803,
1153,4020,5535,36.413413,-76.445657,obstacle,0.5741,0.0,LOW,133,0.6073,
1154,4051,5537,36.412117,-76.414084,obstacle,0.5625,0.8,LOW,119,0.601,
1155,3798,5539,36.410821,-76.671759,obstacle,0.5957,0.0,LOW,119,0.5777,
1156,1813,5540,36.410173,-78.693438,obstacle,0.8696,0.0,MEDIUM,118,0.5566,
1157,3767,5541,36.409525,-76.703332,obstacle,0.75,0.0,MEDIUM,100,0.6173,
1158,3740,5544,36.407581,-76.730831,obstacle,0.4918,0.4,MARGINAL,149,0.556,
1159,3203,5548,36.404989,-77.277754,obstacle,0.7971,0.0,MEDIUM,113,0.5539,
1160,2183,5549,36.404341,-78.316601,obstacle,0.8281,0.0,MEDIUM,111,0.555,
1161,2107,5552,36.402398,-78.394006,obstacle,0.8088,0.0,MEDIUM,107,0.5297,
1162,2963,5557,36.399158,-77.522188,obstacle,0.6618,0.0,LOW,102,0.5368,
1163,2274,5562,36.395918,-78.22392,obstacle,0.9344,0.0,HIGH,106,0.5579,
1164,3053,5566,36.393326,-77.430525,obstacle,0.8676,0.0,MEDIUM,115,0.561,
1165,3148,5574,36.388142,-77.33377,obstacle,0.8841,0.0,MEDIUM,124,0.5822,
